ID,SEM_TRATADAS,DIST_SURCOS,DIST_PLANTAS,COLOR_ENDOSPERMO,CULT_ANT,DRENAJE,POBLACION_20DIAS,TIPO_MATERIAL,ALMACENAMIENTO_FINCA,ContMalQui,ContPlaQui,CanFerQui,PENDIENTE,PH,MAT_ORGANICA,DRE_INTERN,PROF_EFEC,PText,Temp_Max_Avg_Veg,Temp_Min_Avg_Veg,Temp_Avg_Veg,Diurnal_Range_Avg_Veg,Sol_Ener_Accu_Veg,Rain_Accu_Veg,Rain_10_Freq_Veg,Temp_Min_15_Freq_Veg,Rhum_Avg_Veg,Rhum_sd_Veg,Temp_Max_Avg_For,Temp_Min_Avg_For,Temp_Avg_For,Diurnal_Range_Avg_For,Sol_Ener_Accu_For,Rain_Accu_For,Rain_10_Freq_For,Temp_Min_15_Freq_For,Rhum_Avg_For,Rhum_sd_For,Temp_Max_Avg_Mad,Temp_Min_Avg_Mad,Temp_Avg_Mad,Diurnal_Range_Avg_Mad,Sol_Ener_Accu_Mad,Rain_Accu_Mad,Rain_10_Freq_Mad,Temp_Min_15_Freq_Mad,Rhum_Avg_Mad,Rhum_sd_Mad,TotN,Totp,Totk,split,RDT
1654,SI,0.8,0.14,Amarillo,Maiz,FALSO,73745,Hibrido,NO,4,3,7,1,6,BAJA,LENTO A MUY LENTO,25,FAr,32.66987585,22.68201163,27.67594374,9.987864217,43043.67839,293.1,0.096153846,0,80.16269607,4.899791597,32.21528481,22.70548683,27.46038582,9.509797976,23631.36738,204.6,0.1,0,81.85694613,4.355004033,32.24850272,22.82094707,27.53472489,9.427555643,21579.31702,138.8,0.058823529,0,82.03950913,4.535126611,150,44,90,Otro,5000
1655,SI,0.8,0.14,Amarillo,Maiz,FALSO,78750,Hibrido,NO,4,3,4,3,5,MEDIA,LENTO A MUY LENTO,20,FA,32.96811777,22.68311317,27.82561547,10.2850046,43766.8462,237.1,0.076923077,0,79.21624359,5.645217293,32.03473747,22.67906283,27.35690015,9.355674637,23436.75051,156.7,0.066666667,0,81.76055593,4.309401847,32.84227073,22.87186473,27.85706773,9.970405993,15201.34352,127.8,0.114285714,0,80.18385651,3.868421135,138,0,60,DK7088,6100
1657,SI,0.8,0.14,Amarillo,Maiz,FALSO,75458,Hibrido,NO,6,2,10,2,6,MEDIA,LENTO A MUY LENTO,24,FA,32.97123535,22.64776922,27.80950229,10.32346614,43755.11234,263.1,0.086538462,0,79.28325468,5.650769971,32.01597461,22.61946664,27.31772063,9.39650797,23325.24153,160.6,0.066666667,0,81.66834494,4.417434558,33.20705255,22.90707545,28.057064,10.2999771,12004.69836,98,0.111111111,0,79.74387687,4.181276456,224,69,138,PIONEER 30F35,5500
1658,SI,0.8,0.14,Amarillo,Maiz,FALSO,75000,Hibrido,SI,6,1,8,3,6,BAJA,LENTO A MUY LENTO,23,FA,30.92080646,24.90297153,27.91188899,6.017834922,31225.12832,298.3,0.115384615,0,66.86951092,7.010920198,30.38629116,24.61969622,27.50299369,5.766594936,15338.49196,161,0.1,0,70.31549893,4.485559845,33.6560659,24.16663768,28.91135179,9.489428221,714.2727273,6.1,0,0,72.29891304,1.219219049,188,5,120,Otro,5500
1660,SI,0.8,0.14,Amarillo,Maiz,FALSO,72250,Hibrido,NO,1,1,7,2,6,MEDIA,LENTO A MUY LENTO,25,FA,32.97123535,22.64776922,27.80950229,10.32346614,43755.11234,263.1,0.086538462,0,79.28325468,5.650769971,32.01597461,22.61946664,27.31772063,9.39650797,23325.24153,160.6,0.066666667,0,81.66834494,4.417434558,32.91770937,22.9375956,27.92765249,9.980113777,16085.51757,127.8,0.108108108,0,80.09822442,3.809215369,160,23,78,Otro,6500
1662,SI,0.8,0.14,Amarillo,Maiz,FALSO,75000,Hibrido,SI,6,2,9,2,5,BAJA,LENTO A MUY LENTO,26,FA,32.81184305,22.68260768,27.74722537,10.12923537,43266.02559,301.9,0.096153846,0,79.81063767,5.166437346,32.14008076,22.72857279,27.43432677,9.41150797,23696.60469,182.2,0.083333333,0,81.85943242,4.30357956,32.60776319,22.7508103,27.67928674,9.856952888,16338.20247,100.6,0.078947368,0,80.77645968,4.048386273,206,51,120,Otro,6000
1665,SI,0.8,0.14,Blanco,Maiz,FALSO,85600,Hibrido,NO,4,2,4,1.5,5,BAJA,LENTO A MUY LENTO,25,FAr,32.96394231,22.64239925,27.80317078,10.32154306,43581.59318,315.9,0.096153846,0,79.20228674,5.819253834,32.06166667,22.64682536,27.35424601,9.414841304,23452.5549,161.6,0.066666667,0,81.46272274,4.528519888,32.95568273,22.8557004,27.90569157,10.09998233,15194.12183,100.6,0.085714286,0,80.07532267,4.104047117,36,120,40,Otro,5400
1666,SI,0.8,0.14,Amarillo,Maiz,FALSO,85000,Hibrido,NO,2,2,4,2.5,6,MEDIA,LENTO A MUY LENTO,20,FA,32.96394231,22.64239925,27.80317078,10.32154306,43581.59318,315.9,0.096153846,0,79.20228674,5.819253834,32.06166667,22.64682536,27.35424601,9.414841304,23452.5549,161.6,0.066666667,0,81.46272274,4.528519888,32.95568273,22.8557004,27.90569157,10.09998233,15194.12183,100.6,0.085714286,0,80.07532267,4.104047117,58,24,92,Otro,5400
1669,SI,0.8,0.14,Amarillo,Maiz,FALSO,85500,Hibrido,NO,3,0,7,1.5,7,MEDIA,LENTO A MUY LENTO,24,FA,32.96394231,22.64239925,27.80317078,10.32154306,43581.59318,315.9,0.096153846,0,79.20228674,5.819253834,32.06166667,22.64682536,27.35424601,9.414841304,23452.5549,161.6,0.066666667,0,81.46272274,4.528519888,32.90033472,22.90852473,27.90442973,9.991809994,17669.81759,130,0.097560976,0,80.20357648,3.978294009,174,64,138,Otro,5600
1671,SI,0.8,0.14,Amarillo,Maiz,FALSO,85550,Hibrido,NO,6,1,8,1.5,6,BAJA,LENTO A MUY LENTO,23,FA,32.96394231,22.64239925,27.80317078,10.32154306,43581.59318,315.9,0.096153846,0,79.20228674,5.819253834,32.06166667,22.64682536,27.35424601,9.414841304,23452.5549,161.6,0.066666667,0,81.46272274,4.528519888,33.03812883,22.89077668,27.96445276,10.14735215,16482.9735,100.8,0.078947368,0,79.9871393,3.958167612,172,47,90,PIONEER 30F35,5800
1672,SI,0.8,0.14,Blanco,Maiz,FALSO,85550,Hibrido,NO,5,0,6,1.5,6,MEDIA,LENTO A MUY LENTO,22,FAr,32.37320888,22.7467215,27.55996519,9.626487384,42361.47163,295.4,0.076923077,0,81.03831731,4.308681749,32.40356206,22.79598393,27.599773,9.607578133,25088.33704,160,0.083333333,0,81.11799209,4.189578304,32.16538908,22.82991528,27.49765218,9.335473798,7729.823863,31.2,0,0,83.19435354,3.603831265,146,40,40,Otro,5500
1673,SI,0.8,0.14,Amarillo,Maiz,FALSO,85589,Hibrido,NO,4,0,4,1.5,5,MEDIA,LENTO A MUY LENTO,20,FA,32.5793163,22.66595227,27.62263429,9.913364038,43085.5284,283.2,0.076923077,0,80.65362537,4.562487736,32.32414826,22.6526506,27.48839943,9.671497665,24618.43881,189.8,0.1,0,81.53006719,4.386896005,31.80495918,22.88938105,27.34717011,8.915578121,6889.151694,44.6,0.058823529,0,82.19423149,2.575219565,110,48,24,Otro,5500
1675,SI,0.8,0.14,Blanco,Maiz,VERDADERO,73200,Hibrido,NO,2,1,5,2,6,BAJA,LENTO A MUY LENTO,22,ArA,31.39415087,24.38269003,27.88842045,7.011460833,40250.48813,55.1,0.009615385,0,72.60887101,12.24950508,32.19349819,24.56114275,28.37732047,7.632355435,24580.74855,52.2,0.016666667,0,65.85208333,11.09733044,33.05777862,25.26210174,29.15994018,7.795676884,20020.16227,43,0.04,0,54.54,9.054637629,146,18,52,Otro,5000
1676,SI,0.8,0.14,Blanco,Maiz,VERDADERO,71800,Hibrido,NO,3,0,5,2,6,BAJA,LENTO A MUY LENTO,21,ArL,31.46396256,24.40549724,27.9347299,7.058465328,40519.92833,61.2,0.009615385,0,71.79076203,12.22859197,32.11582132,24.56278502,28.33930317,7.553036292,24474.21267,61.1,0.016666667,0,65.1375,10.80725158,33.23910749,25.28151906,29.26031328,7.957588423,16724.56896,12.9,0.023809524,0,53.03472222,8.388733111,146,18,52,Otro,6000
1677,NO,0.8,0.14,Blanco,Arroz,VERDADERO,75600,Hibrido,NO,3,0,3,3,6,BAJA,LENTO A MUY LENTO,19,ArL,31.46396256,24.40549724,27.9347299,7.058465328,40519.92833,61.2,0.009615385,0,71.79076203,12.22859197,32.11582132,24.56278502,28.33930317,7.553036292,24474.21267,61.1,0.016666667,0,65.1375,10.80725158,32.72613603,25.35305427,29.03959515,7.373081757,29386.36322,120,0.08,0,56.34037581,8.668337172,116,0,17,Otro,6000
1678,NO,0.8,0.14,Blanco,Arroz,FALSO,78000,Hibrido,NO,2,1,4,1,6,BAJA,LENTO A MUY LENTO,18,ArL,31.20892825,24.8421535,28.02554088,6.366774752,38983.84986,0,0,0,78.27020382,7.215154078,30.82477237,24.34772317,27.58624777,6.477049201,22549.39987,0,0,0,80.1755153,6.467450493,31.92625861,24.3647413,28.14549995,7.561517301,16481.78204,15.9,0,0,66.46979167,11.47485013,122,58,18,Otro,5000
1679,NO,0.8,0.14,Blanco,Arroz,FALSO,78500,Hibrido,SI,2,0,6,2,5,BAJA,LENTO A MUY LENTO,22,FA,31.03158031,25.05184679,28.04171355,5.979733526,37270.03357,0,0,0,78.61570698,7.138069261,31.34019097,25.25063195,28.29541146,6.089559018,22431.82738,0,0,0,77.36055345,7.669035244,31.3782724,24.34498429,27.86162835,7.033288114,16387.28481,0,0,0,78.56857875,6.324584424,134,76,76,Otro,3500
1680,NO,0.8,0.14,Amarillo,Arroz,FALSO,78000,Hibrido,SI,2,0,4,2,7,BAJA,LENTO A MUY LENTO,23,FA,31.28194674,24.66740591,27.97467632,6.614540828,39787.19353,6.7,0,0,77.18954761,7.531172594,31.31014371,24.25392322,27.78203347,7.056220491,23488.42069,6.6,0,0,77.55262033,7.016227942,32.30747391,24.59574187,28.45160789,7.711732045,17996.96865,54.8,0.022222222,0,57.81111111,7.633417692,94,60,48,DK7088,6000
1681,SI,0.8,0.14,Blanco,Arroz,VERDADERO,78600,Hibrido,SI,3,0,5,2,5,MEDIA,LENTO A MUY LENTO,22,FA,31.38243741,24.7764254,28.07943141,6.606012011,39849.41841,0,0,0,77.53416133,7.049093043,31.20455363,24.37863832,27.79159597,6.825915315,22850.7823,0,0,0,78.93473247,6.409412493,32.09127276,24.48941109,28.29034193,7.601861669,15883.26051,61.1,0.025641026,0,59.67200855,9.09304657,140,54,54,Otro,6000
1683,SI,0.8,0.14,Blanco,Arroz,FALSO,74100,Hibrido,SI,2,0,7,2.5,6,MEDIA,LENTO A MUY LENTO,23,FA,31.42034805,24.38769749,27.90402277,7.032650563,40363.56947,50.6,0.009615385,0,72.75189985,12.26643614,32.1941247,24.52720857,28.36066664,7.666916123,24478.34664,50.4,0.016666667,0,66.24583333,11.12556125,32.67169098,25.08670395,28.87919746,7.584987033,15034.86603,22.3,0.026315789,0,56.3377193,8.069324663,204,72,72,Otro,5000
1684,NO,0.8,0.14,Amarillo,Arroz,FALSO,86100,Hibrido,NO,2,0,5,1.5,6,MEDIA,LENTO A MUY LENTO,23,ArL,31.23467664,24.5584499,27.89656327,6.676226745,39882.64543,8,0,0,76.3045585,8.737218956,31.51656732,24.25762119,27.88709426,7.258946135,23772.60937,8,0,0,75.01782499,8.093897131,32.46984741,24.68909089,28.57946915,7.780756522,14251.65072,53.4,0.028571429,0,57.06666667,7.886262566,106,94,54,DK7088,5000
1685,SI,0.8,0.14,Blanco,Arroz,VERDADERO,74110,Hibrido,NO,3,0,4,2.5,6,BAJA,LENTO A MUY LENTO,35,FA,31.23467664,24.5584499,27.89656327,6.676226745,39882.64543,8,0,0,76.3045585,8.737218956,31.51656732,24.25762119,27.88709426,7.258946135,23772.60937,8,0,0,75.01782499,8.093897131,32.46984741,24.68909089,28.57946915,7.780756522,14251.65072,53.4,0.028571429,0,57.06666667,7.886262566,40,44,80,Otro,6500
1686,SI,0.8,0.14,Blanco,Arroz,VERDADERO,86171,Hibrido,SI,3,1,6,2,6,BAJA,LENTO A MUY LENTO,25,ArA,31.23756447,24.38022383,27.80889415,6.857340641,40460.79212,15.9,0,0,75.21335122,10.80597294,31.91703749,24.34755192,28.13229471,7.569485568,24389.12176,15.9,0,0,71.03636364,10.32528002,32.40030907,24.69146717,28.54588812,7.708841897,13049.35407,45.5,0.03030303,0,57.39520202,7.282331235,144,40,80,Otro,6700
1687,SI,0.8,0.14,Blanco,Arroz,FALSO,86136,Hibrido,NO,0,1,4,2,6,BAJA,LENTO A MUY LENTO,29,ArA,31.21954346,24.35173825,27.78564085,6.86780521,40419.92609,15.9,0,0,75.03194793,11.05354393,31.97151666,24.34438314,28.1579499,7.627133514,24570.58587,15.9,0,0,70.35580808,10.58375309,32.44482609,24.79508113,28.61995361,7.649744959,9229.607656,45.5,0.043478261,0,58.61775362,6.804188264,52,40,80,Otro,4500
1688,SI,0.8,0.14,Blanco,Arroz,VERDADERO,86345,Hibrido,NO,3,0,5,2,6,BAJA,LENTO A MUY LENTO,24,ArA,31.19803802,24.57284413,27.88544107,6.625193892,39664.01863,8,0,0,76.73925402,8.098932358,31.37399788,24.25273167,27.81336478,7.121266204,23522.84675,8,0,0,75.75331477,7.717577453,32.67501716,24.83240751,28.75371233,7.842609653,21277.46411,53.4,0.018867925,0,55.49921384,8.286243115,128,40,57,DK 234,4500
1690,SI,0.8,0.14,Amarillo,Arroz,VERDADERO,74636,Hibrido,NO,1,0,5,2,6,BAJA,LENTO A MUY LENTO,19,ArA,31.43579276,24.4051184,27.92045558,7.030674358,40635.63646,15.9,0,0,73.01391908,12.10878934,32.14843025,24.44672464,28.29757745,7.701705616,24601.33228,15.9,0,0,67.06388889,11.01648062,32.65633351,25.07776166,28.86704759,7.578571845,16216.88038,56.8,0.048780488,0,56.53556911,8.13319331,140,54,54,DK7088,7300
1691,SI,0.8,0.14,Amarillo,Arroz,VERDADERO,86136,Hibrido,NO,2,0,5,2,6,BAJA,LENTO A MUY LENTO,26,FA,31.64777396,24.4152843,28.03152913,7.232489665,40870.46111,61.4,0.009615385,0,70.61769763,12.25617338,32.07964076,24.52549783,28.30256929,7.554142935,24434.6385,61.4,0.016666667,0,63.87083333,10.75845127,33.28752068,25.38769265,29.33760666,7.899828031,16357.37758,33.8,0.048780488,0,52.84857724,8.740266194,140,54,54,DK7088,6000
1692,SI,0.8,0.14,Amarillo,Arroz,VERDADERO,73920,Hibrido,NO,2,0,5,2,6,BAJA,LENTO A MUY LENTO,25,ArA,31.64777396,24.4152843,28.03152913,7.232489665,40870.46111,61.4,0.009615385,0,70.61769763,12.25617338,32.07964076,24.52549783,28.30256929,7.554142935,24434.6385,61.4,0.016666667,0,63.87083333,10.75845127,33.28752068,25.38769265,29.33760666,7.899828031,16357.37758,33.8,0.048780488,0,52.84857724,8.740266194,140,54,54,DK7088,6000
1693,NO,0.8,0.14,Blanco,Arroz,VERDADERO,87100,Hibrido,NO,2,0,4,2,7,BAJA,LENTO A MUY LENTO,28,FA,31.23843359,24.43132036,27.83487698,6.807113228,40370.74905,15.9,0,0,75.60458608,9.98208949,31.71139371,24.27880639,27.99510005,7.432587319,24123.56631,15.9,0,0,72.65858586,9.207964913,33.0117562,25.16767292,29.08971456,7.844083278,26576.94217,79.3,0.045454545,0,54.33522727,8.785712931,116,58,18,Otro,6000
1695,SI,0.8,0.14,Blanco,Arroz,FALSO,79800,Hibrido,SI,3,1,6,1.5,6,MEDIA,LENTO A MUY LENTO,23,FAr,32.12992058,22.67771517,27.40381787,9.452205407,42379.85593,410.2,0.125,0,83.12295968,6.009524628,31.76968028,22.39919091,27.0844356,9.370489372,24618.77339,301,0.15,0,85.03078717,5.138058423,33.33825658,21.79445543,27.56635601,11.54380115,15462.65682,0.8,0,0,75.74841318,8.28112037,116,80,80,DK 234,5000
1696,NO,0.8,0.14,Blanco,Arroz,VERDADERO,76900,Hibrido,NO,4,2,5,1.5,6,BAJA,LENTO A MUY LENTO,21,ArL,32.12992058,22.67771517,27.40381787,9.452205407,42379.85593,410.2,0.125,0,83.12295968,6.009524628,31.76968028,22.39919091,27.0844356,9.370489372,24618.77339,301,0.15,0,85.03078717,5.138058423,33.62861307,21.57364745,27.60113026,12.05496562,25322.28839,26,0.01754386,0,73.33440034,9.244001506,112,94,54,DK 234,5000
1698,NO,0.8,0.14,Blanco,Arroz,FALSO,84570,Hibrido,NO,2,2,6,1.5,6,BAJA,LENTO A MUY LENTO,21,ArA,32.03206918,22.94696823,27.4895187,9.085100954,40937.29701,491.6,0.153846154,0,83.39842675,5.892502031,32.03054632,22.91505695,27.47280164,9.115489372,24231.67235,305.2,0.15,0,84.76743226,4.94520769,33.31725882,21.46818882,27.39272382,11.84907,32027.48435,29.4,0.013888889,0,74.99022759,9.161644215,156,80,40,DK 234,6000
1699,SI,0.8,0.14,Amarillo,Arroz,VERDADERO,77220,Hibrido,NO,2,3,6,2,6,BAJA,LENTO A MUY LENTO,18,FA,32.31730769,21.89615385,27.10673077,10.42115385,45618.61834,328,0.125,0,80.97391852,8.628895602,33.06,21.91333333,27.48666667,11.14666667,27035.52631,149.6,0.083333333,0,76.64434524,8.253143128,32.35086254,22.78249231,27.56667742,9.568370232,15134.29325,75,0.025,0,73.87770551,8.837057929,168,58,58,DK7088,6500
1701,SI,0.8,0.14,Amarillo,Arroz,FALSO,74225,Hibrido,SI,2,2,6,2,6,MEDIA,LENTO A MUY LENTO,20,FA,31.66923077,22.55,27.10961538,9.119230769,44054.82426,572.2,0.153846154,0,85.39635591,5.287324606,31.32,22.16333333,26.74166667,9.156666667,25132.79272,345,0.166666667,0,86.9298913,5.177633571,32.82608696,21.82608696,27.32608696,11,21086.09569,96.8,0.043478261,0,80.42119565,5.681742122,150,40,60,Otro,6500
1703,NO,0.8,0.14,Amarillo,Arroz,VERDADERO,76550,Hibrido,SI,3,3,7,2,7,BAJA,LENTO A MUY LENTO,21,ArA,31.05853319,24.81644152,27.93748735,6.242091667,38444.852,0,0,0,78.7495526,7.218313643,30.666887,24.38729298,27.52708999,6.279594027,22310.04835,0,0,0,80.47642142,7.199534826,31.97291658,24.46813863,28.22052761,7.50477795,17201.73898,15.5,0,0,70.10019841,7.994080527,122,86,120,Otro,5500
1704,SI,0.8,0.14,Amarillo,Arroz,FALSO,73000,Hibrido,SI,2,2,6,2,6,MEDIA,LENTO A MUY LENTO,21,FA,32.46149601,23.82363191,28.14256396,8.637864095,36865.19943,80.8,0.019230769,0,73.28776166,9.488597359,34.22117673,23.14840723,28.68479198,11.07276949,21981.09228,35.3,0.016666667,0,69.24236583,9.206212492,39.02091569,23.89713039,31.45902304,15.1237853,15117.94114,42.5,0.025641026,0,57.88496878,6.491530837,122,58,98,DK7088,6500
1706,SI,0.8,0.14,Amarillo,Arroz,VERDADERO,73456,Hibrido,NO,2,1,6,1.5,6,BAJA,LENTO A MUY LENTO,22,FA,32.29695625,22.45789468,27.37742547,9.839061564,42999.91963,309.4,0.086538462,0,82.31759915,6.48571432,32.25133388,21.9369605,27.09414719,10.31437338,25343.80114,134.4,0.05,0,82.84958835,7.039704239,34.34153275,21.66653275,28.00403275,12.675,27015.64688,125.8,0.083333333,0,68.95565307,9.283935589,167,54,54,DK7088,5000
1717,NO,0.8,0.14,Blanco,Arroz,VERDADERO,76890,Hibrido,SI,2,2,5,1.5,5,BAJA,LENTO A MUY LENTO,23,FAr,32.5026349,22.06357333,27.28310412,10.43906156,44012.17019,247.8,0.067307692,0,80.06640691,8.949394269,33.11084451,21.48862717,27.29973584,11.62221734,26472.89014,4.4,0,0,75.56272269,8.532261832,34.40012909,22.05783929,28.22898419,12.3422898,22063.72077,156.4,0.12,0,70.56588819,10.00910993,112,94,54,DK 234,5000
1721,SI,0.8,0.14,Blanco,Arroz,FALSO,78900,Hibrido,SI,2,2,5,2,6,MEDIA,LENTO A MUY LENTO,26,FA,32.10450205,23.8882066,27.99635433,8.216295455,36663.38671,83.2,0.019230769,0,74.13526032,8.636770757,33.39569264,23.19765831,28.29667547,10.19803433,21774.5914,35.3,0.016666667,0,71.44718201,7.97128666,39.08321035,23.84199383,31.46260209,15.24121652,17967.69473,42.5,0.02173913,0,57.48980125,6.441022188,79,51,80,DK 234,5500
1722,SI,0.8,0.14,Amarillo,Arroz,FALSO,78590,Hibrido,SI,2,0,3,2,6,BAJA,LENTO A MUY LENTO,21,FAr,32.29695625,22.45789468,27.37742547,9.839061564,42999.91963,309.4,0.086538462,0,82.31759915,6.48571432,32.25133388,21.9369605,27.09414719,10.31437338,25343.80114,134.4,0.05,0,82.84958835,7.039704239,34.56965971,21.52060311,28.04513141,13.0490566,23945.90621,57.8,0.037735849,0,67.53600047,8.740567516,48,76,36,DK7088,6000
1730,SI,0.8,0.16,Amarillo,Arroz,VERDADERO,74354,Hibrido,SI,2,2,6,2,6,BAJA,LENTO A MUY LENTO,21,ArL,32.15986302,22.86986437,27.51486369,9.289998651,41938.31003,443,0.134615385,0,83.35568447,5.833945539,32.04458219,22.82075949,27.43267084,9.223822705,24835.93544,302.6,0.15,0,84.96553409,4.870295721,33.37729637,21.58917253,27.48323445,11.78812384,31790.74272,49.8,0.02739726,0,74.13020164,9.21759707,144,40,80,DK7088,5800
1732,SI,0.8,0.14,Amarillo,Arroz,VERDADERO,78678,Hibrido,SI,3,2,7,1,6,BAJA,LENTO A MUY LENTO,18,FA,33.61646594,21.71066918,27.66356756,11.90579676,45929.80669,160.4,0.057692308,0,73.36457341,9.693972654,34.18769645,21.72819941,27.95794793,12.45949704,26696.13334,156.2,0.1,0,69.60102822,9.668736377,33.26745166,22.77894737,28.02319951,10.48850429,16692.27405,166,0.157894737,0,77.07388727,9.584900091,138,40,120,Otro,6000
1733,SI,0.8,0.14,Amarillo,Arroz,VERDADERO,78654,Hibrido,NO,2,1,6,2,5,MEDIA,LENTO A MUY LENTO,21,FA,35.78361919,23.43075097,29.60718508,12.35286822,38924.338,77.8,0.019230769,0,65.89390434,10.27449641,38.51328988,23.15751916,30.83540452,15.35577072,22868.07126,77.8,0.033333333,0,60.31304427,8.360079683,35.59980745,23.77747517,29.68864131,11.82233228,14560.84182,81,0.05,0,67.76327834,8.908149189,190,58,18,DK7088,4500
1734,NO,0.8,0.14,Amarillo,Arroz,FALSO,74567,Hibrido,SI,0,1,4,2,6,BAJA,LENTO A MUY LENTO,19,ArL,35.8805724,23.48655298,29.68356269,12.39401942,38944.803,77.8,0.019230769,0,65.28383958,10.13433668,38.45162217,23.34432659,30.89797438,15.10729558,22887.98422,77.7,0.033333333,0,59.87178894,8.298854132,35.47944895,23.60992306,29.54468601,11.86952589,13385.16483,81,0.054054054,0,68.68223783,8.621033231,138,18,18,Otro,5500
1735,SI,0.8,0.14,Amarillo,Arroz,FALSO,85400,Hibrido,NO,2,2,5,1,6,MEDIA,LENTO A MUY LENTO,20,FA,33.43354007,23.54357478,28.48855743,9.889965293,37393.63531,117.4,0.028846154,0,71.28982709,10.19635593,35.57020187,22.96272484,29.26646335,12.60747703,22035.64376,77.4,0.033333333,0,66.81383297,9.477321412,39.05329272,24.3031327,31.67821271,14.75016002,11811.45333,0.4,0,0,57.25682752,5.418678794,93,72,72,DK7088,6200
1737,SI,0.8,0.14,Amarillo,Arroz,VERDADERO,78000,Hibrido,SI,3,1,6,1.5,6,BAJA,LENTO A MUY LENTO,20,FA,32.12992058,22.67771517,27.40381787,9.452205407,42379.85593,410.2,0.125,0,83.12295968,6.009524628,31.76968028,22.39919091,27.0844356,9.370489372,24618.77339,301,0.15,0,85.03078717,5.138058423,33.61432223,21.69227546,27.65329885,11.92204677,28341.91327,46.4,0.030769231,0,73.10157671,9.233189221,100,18,98,Otro,6000
1738,SI,0.8,0.14,Amarillo,Arroz,VERDADERO,78900,Hibrido,SI,2,1,4,1.5,6,BAJA,LENTO A MUY LENTO,18,FA,31.00475403,24.92714281,27.96594842,6.077611223,35781.19457,90.9,0.028846154,0,74.97156326,8.86302871,30.32142918,24.69669118,27.50906018,5.624738,20694.74786,49,0.016666667,0,77.1102893,7.643951231,35.63083873,22.95678506,29.2938119,12.67405367,24258.66911,77.4,0.03030303,0,66.86201967,9.632733368,116,58,18,DK7088,5000
1739,SI,0.8,0.14,Amarillo,Arroz,VERDADERO,81890,Hibrido,SI,2,2,4,2,6,BAJA,LENTO A MUY LENTO,18,FA,31.00457665,24.86973364,27.93715515,6.134843016,35945.10484,74.2,0.019230769,0,74.90609745,8.696299765,30.34154209,24.50428059,27.42291134,5.837261503,20716.69733,45.5,0.016666667,0,77.87193444,6.816045818,35.30271633,22.71154538,29.00713085,12.59117095,14987.47019,35.3,0.024390244,0,67.68236032,9.028944037,116,58,18,DK7088,6000
1740,SI,0.8,0.14,Amarillo,Arroz,VERDADERO,82456,Hibrido,NO,1,2,5,2,6,BAJA,LENTO A MUY LENTO,17,FA,34.54082162,23.51751967,29.02917064,11.02330196,38204.257,113.7,0.028846154,0,68.37527769,10.24331287,37.26212576,22.84219353,30.05215965,14.41993223,22403.22634,77.7,0.033333333,0,62.84960782,8.572430357,35.32318478,23.82505565,29.57412021,11.49812914,25932.75876,93.9,0.02739726,0,67.95677363,10.01106611,79,51,80,Otro,6000
1746,SI,0.8,0.14,Amarillo,Arroz,VERDADERO,76589,Hibrido,SI,4,3,5,1,6,BAJA,LENTO A MUY LENTO,20,FA,32.46951448,22.19679907,27.33315677,10.27271541,44045.30136,304,0.086538462,0,80.89182283,8.357857452,32.86337737,21.68529383,27.2743356,11.17808354,26375.19771,20.6,0,0,78.56921314,9.075659495,34.52229912,21.54479912,28.03354912,12.9775,17587.84975,57.8,0.05,0,67.88207563,9.668954377,156,58,18,PIONEER 30F35,6000
1912,SI,0.8,0.2,Blanco,Arroz,VERDADERO,72500,Hibrido,NO,0,3,4,2,6,BAJA,LENTO A MUY LENTO,19,Ar,30.23306762,24.72076278,27.4769152,5.512304844,32414.84422,260.1,0.067307692,0,72.64264471,7.325279136,28.65964081,25.58356913,27.12160497,3.07607168,18216.83002,208.1,0.1,0,70.8480362,6.746201988,33.57550531,24.69538741,29.13544636,8.880117901,19610.43061,2.7,0,0,68.29084092,7.958473807,144,18,18,Otro,6000
1915,SI,0.8,0.2,Blanco,Arroz,VERDADERO,75000,Hibrido,NO,2,0,5,1,6,BAJA,LENTO A MUY LENTO,18,Ar,32.57820178,22.59134615,27.58477397,9.986855626,44105.51093,379.8,0.125,0,81.87262549,7.789090976,32.16166667,22.50333333,27.3325,9.658333333,24879.09587,156.4,0.083333333,0,85.26666667,4.072467672,32.54666667,22.43666667,27.49166667,10.11,23767.52158,146.8,0.083333333,0,79.26547815,7.769626734,196,18,18,Otro,5000
1917,SI,0.8,0.2,Blanco,Arroz,VERDADERO,87500,Hibrido,SI,2,1,3,2,5,BAJA,LENTO A MUY LENTO,17,Ar,31.90546257,23.9668285,27.93614553,7.938634074,36548.53603,83.2,0.019230769,0,74.36893846,8.352946712,33.15944117,23.27888143,28.2191613,9.880559743,21784.82313,0.8,0,0,71.90636608,7.969199624,38.9938348,23.18872985,31.09128233,15.80510495,11162.1366,76.8,0.068965517,0,58.73728758,7.324691242,110,18,18,DK 234,6000
1918,NO,0.8,0.2,Amarillo,Arroz,VERDADERO,75000,Hibrido,NO,3,2,6,1,6,MEDIA,LENTO A MUY LENTO,20,FA,32.70894331,23.96342843,28.33618587,8.745514874,34164.1911,222.6,0.057692308,0,72.08055991,8.280991919,30.65585124,24.03192028,27.34388576,6.623930966,18194.80116,160.9,0.083333333,0,75.42242166,5.690234751,30.01155703,25.69291657,27.8522368,4.318640463,15318.15862,84,0.042553191,0,68.23616536,8.348474608,150,40,80,DK7088,4500
1919,SI,0.8,0.2,Amarillo,Arroz,VERDADERO,82500,Hibrido,SI,3,2,6,2,6,BAJA,LENTO A MUY LENTO,18,ArL,32.95731083,23.97597303,28.46664193,8.9813378,34419.76852,219.7,0.057692308,0,71.61281243,8.525472169,30.70905674,24.0564009,27.38272882,6.652655842,18294.52656,167.1,0.083333333,0,75.33382095,5.715863489,31.50842749,25.28408432,28.39625591,6.22434317,25116.31968,86.4,0.027027027,0,68.26979634,7.881899551,150,40,80,DK7088,4000
1932,SI,0.8,0.2,Amarillo,Arroz,VERDADERO,82500,Hibrido,NO,1,3,3,2,6,BAJA,LENTO A MUY LENTO,18,ArA,30.23306762,24.72076278,27.4769152,5.512304844,32414.84422,260.1,0.067307692,0,72.64264471,7.325279136,28.65964081,25.58356913,27.12160497,3.07607168,18216.83002,208.1,0.1,0,70.8480362,6.746201988,34.71581719,24.13460362,29.4252104,10.58121357,10509.31927,1.9,0,0,68.86605982,9.273936746,52,40,0,PIONEER 30F35,5500
1934,NO,0.8,0.2,Amarillo,Arroz,VERDADERO,82500,Hibrido,NO,2,4,4,2,6,BAJA,LENTO A MUY LENTO,15,ArL,30.44763715,24.70977682,27.57870698,5.737860329,32466.11194,222.2,0.057692308,0,72.41389036,7.883620809,30.00021256,25.4852299,27.74272123,4.514982656,19103.32705,136,0.066666667,0,69.62167066,7.929163166,33.53831117,24.93809031,29.23820074,8.600220862,14070.95617,2.2,0,0,67.18688716,5.950500975,110,58,18,Otro,6000
1955,NO,0.8,0.2,Amarillo,Arroz,VERDADERO,82500,Hibrido,NO,1,2,4,2,5,BAJA,LENTO A MUY LENTO,20,FAr,30.24025067,24.78955931,27.51490499,5.450691356,32573.69225,244.8,0.067307692,0,72.19455642,7.740199131,29.10633445,25.51725961,27.31179703,3.58907484,18691.02207,197.4,0.1,0,70.07882858,8.093195643,33.55002515,24.99460716,29.27231615,8.555417991,22205.16761,3.3,0,0,67.07875286,7.445309138,156,18,18,PIONEER 30F35,5000
1957,NO,0.8,0.2,Amarillo,Arroz,VERDADERO,78900,Hibrido,SI,1,1,4,2,6,BAJA,LENTO A MUY LENTO,20,FAr,30.34276886,24.74072584,27.54174735,5.602043021,32501.69507,223.3,0.057692308,0,72.25278128,7.907968871,29.66955347,25.51636747,27.59296047,4.153186,18951.26718,138.6,0.066666667,0,69.54585237,7.849092243,34.4087161,24.5809703,29.4948432,9.827745799,9946.579291,1.9,0,0,67.98122271,7.007051047,66,94,54,Otro,5000
1959,NO,0.8,0.2,Amarillo,Arroz,VERDADERO,75000,Hibrido,SI,1,1,4,2,5,MEDIA,LENTO A MUY LENTO,18,AF,32.27403846,22.42403846,27.34903846,9.85,41732.11984,270.2,0.086538462,0,82.51814445,6.787390521,32.465,22.34166667,27.40333333,10.12333333,23849.16751,155.4,0.083333333,0,80.73075593,7.289150532,32.51293134,22.71017406,27.6115527,9.802757286,29109.81257,348.6,0.154929577,0,81.78028458,6.597726588,128,36,36,PIONEER 30F35,5000
1960,SI,0.8,0.2,Amarillo,Arroz,VERDADERO,78000,Hibrido,SI,2,3,4,2,5,BAJA,LENTO A MUY LENTO,18,FAr,32.50769231,22.49423077,27.50096154,10.01346154,42398.29209,278,0.086538462,0,81.41237522,7.103767974,32.18666667,22.78333333,27.485,9.403333333,23280.40196,181.6,0.1,0,79.73214482,7.725844458,32.29279482,22.67400676,27.48340079,9.618788062,21379.37238,283.4,0.169811321,0,82.87154475,5.945914308,132,40,0,Otro,6000
1961,SI,0.8,0.2,Amarillo,Arroz,VERDADERO,75000,Hibrido,SI,2,2,3,2,5,BAJA,LENTO A MUY LENTO,20,ArA,33.730391,23.91387649,28.82213374,9.816514511,35159.98062,210.6,0.057692308,0,70.49412436,9.496407752,31.21499071,23.87634944,27.54567008,7.338641272,18693.97306,164.8,0.083333333,0,75.44145005,5.732714456,28.07675498,25.87203088,26.97439293,2.204724098,7466.185606,72.2,0.08,0,70.05724347,6.959714137,70,58,18,DK7088,5500
2096,NO,0.8,0.15,Amarillo,Maiz,VERDADERO,73000,Hibrido,NO,2,3,4,0.5,6,MEDIA,BUENO,70,L,32.53173077,23.04134615,27.78653846,9.490384615,44780.14211,322.4,0.096153846,0,79.42067308,8.729830196,32.71833333,23.375,28.04666667,9.343333333,25483.84386,76.6,0.05,0,76.75972222,9.73874044,35.67352941,23.43823529,29.55588235,12.23529412,15216.02871,43.2,0.058823529,0,66.1997549,8.490969774,138,0,60,Otro,4500
2123,SI,0.8,0.17,Amarillo,Maiz,VERDADERO,75000,Hibrido,NO,2,2,4,1.5,6.5,MEDIA,BUENO,44,L,32.64807692,23.02115385,27.83461538,9.626923077,45058.54242,321.2,0.096153846,0,79.08333333,8.870217462,32.78333333,23.37333333,28.07833333,9.41,25534.31276,75.4,0.05,0,76.36111111,9.770686643,35.71818182,23.44545455,29.58181818,12.27272727,14879.97129,43.2,0.060606061,0,66.27146465,8.612159078,82,64,78,Otro,3000
2124,NO,0.8,0.15,Amarillo,Maiz,VERDADERO,75000,OGM,NO,3,2,4,1.5,6.5,MEDIA,BUENO,47,L,32.64807692,23.02115385,27.83461538,9.626923077,45058.54242,321.2,0.096153846,0,79.08333333,8.870217462,32.78333333,23.37333333,28.07833333,9.41,25534.31276,75.4,0.05,0,76.36111111,9.770686643,35.79142857,23.58571429,29.68857143,12.20571429,15764.29665,43.2,0.057142857,0,65.54642857,8.891960983,110,18,78,ADV 9339 (Syngenta),2800
2185,NO,0.8,0.15,Amarillo,Maiz,VERDADERO,73000,OGM,NO,3,2,3,0.5,6.5,MEDIA,BUENO,60,L,32.64807692,23.02115385,27.83461538,9.626923077,45058.54242,321.2,0.096153846,0,79.08333333,8.870217462,32.78333333,23.37333333,28.07833333,9.41,25534.31276,75.4,0.05,0,76.36111111,9.770686643,35.86388889,23.68611111,29.775,12.17777778,16331.25359,43.2,0.055555556,0,65.0625,9.232477505,79,33,33,ADV 9339 (Syngenta),4000
2189,NO,0.8,0.15,Amarillo,Maiz,VERDADERO,74000,Hibrido,NO,2,3,3,0.2,6.5,MEDIA,BUENO,70,L,32.53173077,23.04134615,27.78653846,9.490384615,44780.14211,322.4,0.096153846,0,79.42067308,8.729830196,32.71833333,23.375,28.04666667,9.343333333,25483.84386,76.6,0.05,0,76.75972222,9.73874044,35.78723404,23.81702128,29.80212766,11.97021277,20671.14833,47.8,0.042553191,0,64.90336879,9.127833201,82,36,36,ADV 9339 (Syngenta),3800
2192,NO,0.8,0.16,Amarillo,Maiz,VERDADERO,75000,Hibrido,NO,3,2,2,1.2,6.5,MEDIA,BUENO,20,FA,32.48653846,23.00288462,27.74471154,9.483653846,45012.33349,330.8,0.096153846,0,80.25240385,7.901605557,32.73833333,23.21333333,27.97583333,9.525,26167.58548,76.6,0.05,0,78.01736111,8.50027449,35.5075,23.7375,29.6225,11.77,17415.04306,43.2,0.05,0,64.85729167,8.563456611,61,15,15,ADV 9339 (Syngenta),1600
2204,NO,0.8,0.15,Amarillo,Maiz,VERDADERO,74000,Hibrido,NO,3,2,4,1,6.5,MEDIA,BUENO,70,FrL,32.80576923,23.08365385,27.94471154,9.722115385,45398.47543,316.4,0.096153846,0,78.41907051,9.556702528,32.92333333,23.37333333,28.14833333,9.55,25539.22185,75.4,0.05,0,75.49513889,10.4623408,35.67272727,23.62121212,29.6469697,12.05151515,14745.01435,43.2,0.060606061,0,66.17676768,8.734920229,146,5,0,ADV 9339 (Syngenta),2500
2217,NO,0.8,0.15,Amarillo,Maiz,VERDADERO,75000,Hibrido,NO,3,2,2,1.2,6.5,MEDIA,BUENO,25,FrL,32.64807692,23.02115385,27.83461538,9.626923077,45058.54242,321.2,0.096153846,0,79.08333333,8.870217462,32.78333333,23.37333333,28.07833333,9.41,25534.31276,75.4,0.05,0,76.36111111,9.770686643,35.86388889,23.68611111,29.775,12.17777778,16331.25359,43.2,0.055555556,0,65.0625,9.232477505,0,0,110,ADV 9339 (Syngenta),2000
2239,SI,0.8,0.15,Blanco,Maiz,VERDADERO,75000,Hibrido,NO,3,2,3,1.5,6.5,MEDIA,BUENO,30,FAr,32.64807692,23.02115385,27.83461538,9.626923077,45058.54242,321.2,0.096153846,0,79.08333333,8.870217462,32.78333333,23.37333333,28.07833333,9.41,25534.31276,75.4,0.05,0,76.36111111,9.770686643,35.79142857,23.58571429,29.68857143,12.20571429,15764.29665,43.2,0.057142857,0,65.54642857,8.891960983,107,15,15,P4082 (Pioneer),5000
2240,SI,0.8,0.15,Amarillo,Maiz,VERDADERO,75000,Hibrido,NO,3,2,4,1.5,6.5,MEDIA,BUENO,30,FAr,32.71826923,23.05865385,27.88846154,9.659615385,45206.93476,321,0.096153846,0,78.76682692,9.232416301,32.84166667,23.34,28.09083333,9.501666667,25521.48022,75.4,0.05,0,75.96319444,10.02180735,35.659375,23.534375,29.596875,12.125,14369.77033,43.2,0.0625,0,66.52734375,8.621571635,100,5,50,Otro,4500
2245,SI,0.85,0.15,Blanco,Arroz,VERDADERO,75000,OGM,NO,2,4,8,1.8,6,MEDIA,BUENO,32,A,32.53206988,22.26590261,27.39898625,10.26616727,42176.7087,127.2,0.038461538,0,80.45662962,7.345106757,32.79666667,21.835,27.31583333,10.96166667,24702.28852,42.4,0.016666667,0,77.38379603,7.676194668,33.7230604,22.51152194,28.11729117,11.21153846,11602.43248,68.6,0.115384615,0,77.30319408,6.53311079,253,54,54,P4082 (Pioneer),5000
2246,NO,0.85,0.14,Blanco,Arroz,VERDADERO,80000,OGM,NO,2,1,5,1.5,6.5,BAJA,LENTO A MUY LENTO,30,A,32.53206988,22.26590261,27.39898625,10.26616727,42176.7087,127.2,0.038461538,0,80.45662962,7.345106757,32.79666667,21.835,27.31583333,10.96166667,24702.28852,42.4,0.016666667,0,77.38379603,7.676194668,33.84849451,22.69444045,28.27146748,11.15405405,16489.62615,89.8,0.081081081,0,76.88015071,6.583456945,116,58,78,P4082 (Pioneer),4000
2247,SI,0.85,0.2,Blanco,Arroz,VERDADERO,70000,OGM,NO,2,4,7,1.7,6,MEDIA,BUENO,53,FAr,32.2656256,22.32061218,27.29311889,9.945013428,41769.94425,280.2,0.076923077,0,81.95910502,6.543080402,32.22333333,22.03,27.12666667,10.19333333,24385.91914,45.2,0.016666667,0,80.31455471,7.25756758,33.98555826,22.0288916,28.00722493,11.95666667,13136.50893,51.2,0.066666667,0,75.29778551,7.636553469,118,58,138,P4082 (Pioneer),3100
2248,SI,0.85,0.17,Amarillo,Arroz,VERDADERO,70000,OGM,NO,2,4,8,1.5,6,BAJA,LENTO A MUY LENTO,38,F,32.49078131,22.25249865,27.37163998,10.23828266,42039.52242,127.2,0.038461538,0,80.52519172,7.376763012,32.74183675,21.84683675,27.29433675,10.895,24636.19527,62.8,0.033333333,0,77.48882249,7.794547882,34.12047587,22.58134543,28.35091065,11.53913043,20754.04918,96,0.065217391,0,75.72531706,6.887951503,164,58,138,PIONEER 30F35,2900
2251,NO,0.8,0.16,Blanco,Arroz,VERDADERO,71000,OGM,NO,3,3,4,1.8,6.5,MEDIA,LENTO A MUY LENTO,21,FA,35.71293559,23.53173213,29.62233386,12.18120346,37218.18705,12.1,0,0,68.4327728,9.345043804,36.12942302,22.47166667,29.30054484,13.65775635,20702.13023,1.4,0,0,71.87599857,8.094487367,38.91508884,22.76818182,30.84163533,16.14690702,16560.5569,0.5,0,0,59.95346108,8.632690021,51,58,78,P4082 (Pioneer),5000
2252,NO,0.8,0.16,Amarillo,Arroz,VERDADERO,70000,OGM,NO,3,3,4,1.2,6,BAJA,BUENO,60,FA,34.97015781,23.81118106,29.39066943,11.15897675,37343.46882,13.3,0,0,68.74997927,9.634531338,35.69549388,22.59474691,29.14512039,13.10074697,20795.32476,4,0,0,73.80848733,7.06305974,38.53505948,22.71666667,30.62586307,15.81839281,19962.71329,0.7,0,0,61.51170445,7.899414558,51,58,78,PIONEER 30F35,5500
2253,NO,0.85,0.16,Blanco,Arroz,VERDADERO,70000,OGM,NO,2,3,5,1.8,7,MEDIA,BUENO,45,F,32.26370253,22.3561891,27.30994581,9.907513428,41792.85334,280,0.076923077,0,82.00254845,6.494925249,32.17395835,22.065,27.11947918,10.10895835,24277.78337,56.8,0.033333333,0,80.63151065,7.037450309,33.97221029,22.1583214,28.06526584,11.81388889,15855.64732,70,0.083333333,0,74.79391678,7.318300938,125,18,78,P4082 (Pioneer),4500
2254,NO,0.85,0.16,Blanco,Arroz,VERDADERO,70000,OGM,NO,2,2,4,1.9,7,MEDIA,BUENO,62,FA,35.044813,23.77740276,29.41110788,11.26741024,37389.12102,12.9,0,0,68.6311014,9.648647603,35.75189485,22.53781455,29.1448547,13.2140803,20890.38434,4,0,0,73.62668883,7.337755473,37.4955492,22.6037037,30.04962645,14.89184549,9748.822085,0.6,0,0,65.55876952,5.837417921,110,58,18,DK 234,4800
2255,NO,0.8,0.16,Blanco,Arroz,VERDADERO,70000,OGM,NO,2,3,3,1.7,6,MEDIA,BUENO,67,FAr,31.88581791,22.59080448,27.2383112,9.295013428,41159.3123,332,0.096153846,0,83.89389238,5.622160475,31.95715493,22.52239444,27.23977468,9.434760488,24228.96542,81.2,0.033333333,0,83.75631923,5.906320239,33.03103448,21.94137931,27.4862069,11.08965517,12163.60766,25,0.034482759,0,76.92195947,5.502665068,70,58,18,DK 234,5000
2259,SI,0.85,0.16,Amarillo,Arroz,VERDADERO,70000,OGM,NO,2,2,6,2,6,BAJA,LENTO A MUY LENTO,45,ArA,34.49719655,24.21593161,29.35656408,10.28126493,37636.84953,12.9,0,0,69.09054292,9.512321426,35.28208067,23.17715825,29.22961946,12.10492242,21236.75163,11.5,0,0,73.78347491,7.68826057,37.44420601,22.21052632,29.82736616,15.23367969,13513.14744,1,0,0,65.07641595,5.303822446,122,58,138,DK7088,6000
2260,SI,0.85,0.16,Amarillo,Arroz,VERDADERO,70000,OGM,NO,2,2,6,2,6,BAJA,LENTO A MUY LENTO,45,AF,34.35845363,24.31510467,29.33677915,10.04334896,37605.06779,12.9,0,0,68.95172161,9.577933414,35.19445287,23.34997706,29.27221497,11.84447581,21175.38943,11.5,0,0,73.10718723,8.733167459,37.31332856,22.29722222,29.80527539,15.01610634,12819.93213,0.8,0,0,65.66273656,5.425879453,122,58,138,DK7088,6500
2264,SI,0.85,0.16,Blanco,Arroz,VERDADERO,70000,OGM,NO,3,2,6,1.5,6,MEDIA,BUENO,61,F,32.69080066,22.1649773,27.42788898,10.52582336,42905.41282,138.2,0.048076923,0,79.54886427,7.611389097,33.2757605,21.88242716,27.57909383,11.39333333,25256.44479,76.2,0.05,0,75.90660734,6.380425745,34.20370416,22.75727559,28.48048988,11.44642857,12684.77452,63.6,0.071428571,0,75.04072512,7.139990236,116,58,138,P4082 (Pioneer),5000
2266,SI,0.85,0.16,Amarillo,Arroz,VERDADERO,70000,OGM,NO,3,2,6,1.9,6,MEDIA,LENTO A MUY LENTO,34,FA,34.62443871,24.10815897,29.36629884,10.51627974,37411.59885,13.3,0,0,69.0072866,9.524029232,35.41000667,22.95140941,29.18070804,12.45859725,21174.34437,11.5,0,0,74.17713359,6.938217607,37.46228081,22.26571429,29.86399755,15.19656652,12397.23357,1,0,0,65.15201351,5.496646811,122,58,98,DK7088,6200
2274,SI,0.85,0.16,Amarillo,Arroz,VERDADERO,70000,Hibrido,NO,3,3,5,1.5,7,BAJA,LENTO A MUY LENTO,30,ArA,31.95408714,22.60811218,27.28109966,9.345974967,41548.68072,340.2,0.096153846,0,84.05836423,5.360332749,32.04541771,22.5940611,27.31973941,9.451356609,24330.44365,81.6,0.033333333,0,83.9492625,5.579624115,33.17855238,21.81491602,27.4967342,11.36363636,18066.03875,45.6,0.045454545,0,75.63592493,6.80208414,110,58,78,DK7088,5000
2286,NO,0.8,0.16,Blanco,Arroz,VERDADERO,71000,OGM,NO,2,2,6,1.5,6,MEDIA,BUENO,64,F,32.53558851,22.23769046,27.38663949,10.29789804,42654.25232,128.2,0.038461538,0,80.38623241,7.399510804,32.82260508,21.85260508,27.33760508,10.97,24723.79951,52.4,0.033333333,0,77.24612097,7.587855158,34.07820382,22.68631193,28.38225787,11.39189189,16761.2129,84.4,0.081081081,0,76.16666311,6.176744016,184,40,60,P4082 (Pioneer),2200
2287,NO,0.85,0.16,Blanco,Arroz,VERDADERO,71000,OGM,NO,2,2,4,1.7,6,MEDIA,BUENO,66,FA,32.42908714,22.31003525,27.3695612,10.11905189,42111.30262,147.2,0.038461538,0,81.05949648,6.779192711,32.53666667,21.955,27.24583333,10.58166667,24664.26029,42.4,0.016666667,0,78.78497357,7.135119441,33.91153759,22.23089243,28.07121501,11.68064516,13671.9635,68.6,0.096774194,0,75.9346664,7.550250069,98,18,78,Otro,4800
2288,SI,0.9,0.16,Blanco,Arroz,VERDADERO,69500,OGM,NO,2,1,4,1.6,6,MEDIA,BUENO,70,FrL,32.04351022,22.51388141,27.27869581,9.529628813,41368.69066,300.6,0.086538462,0,83.30164043,5.841241101,31.98548826,22.32572777,27.15560801,9.659760488,24078.07546,64.8,0.033333333,0,82.59952575,6.542005967,33.36585642,22.00369426,27.68477534,11.36216216,15543.05351,46.8,0.054054054,0,75.90540336,7.149779982,138,18,18,P4082 (Pioneer),4100
2291,NO,0.8,0.15,Amarillo,Maiz,VERDADERO,74000,OGM,NO,3,2,3,1.5,6.5,MEDIA,BUENO,50,FrL,32.64807692,23.02115385,27.83461538,9.626923077,45058.54242,321.2,0.096153846,0,79.08333333,8.870217462,32.78333333,23.37333333,28.07833333,9.41,25534.31276,75.4,0.05,0,76.36111111,9.770686643,35.71818182,23.44545455,29.58181818,12.27272727,14879.97129,43.2,0.060606061,0,66.27146465,8.612159078,92,0,50,ADV 9339 (Syngenta),3200
2294,SI,0.8,0.15,Amarillo,Maiz,VERDADERO,75000,Hibrido,NO,3,2,3,1.5,6.5,MEDIA,BUENO,70,FAr,32.64807692,23.02115385,27.83461538,9.626923077,45058.54242,321.2,0.096153846,0,79.08333333,8.870217462,32.78333333,23.37333333,28.07833333,9.41,25534.31276,75.4,0.05,0,76.36111111,9.770686643,35.71818182,23.44545455,29.58181818,12.27272727,14879.97129,43.2,0.060606061,0,66.27146465,8.612159078,58,18,78,ADV 9339 (Syngenta),3500
2295,NO,0.8,0.16,Amarillo,Maiz,FALSO,74000,OGM,NO,3,2,2,1.5,6.5,MEDIA,BUENO,45,FrL,32.89423077,23.15480769,28.02451923,9.739423077,45169.12615,316.4,0.096153846,0,78.0068109,10.0281513,33.07166667,23.48,28.27583333,9.591666667,25448.18835,75.4,0.05,0,74.54375,11.146834,35.66111111,23.775,29.71805556,11.88611111,16013.88517,43.2,0.055555556,0,65.81134259,9.313837451,64,18,18,ADV 9339 (Syngenta),2800
2296,NO,0.8,0.15,Amarillo,Maiz,VERDADERO,73000,Hibrido,NO,3,2,4,1,6.5,MEDIA,BUENO,70,F,32.93076923,23.16634615,28.04855769,9.764423077,45135.27926,268.6,0.086538462,0,77.78645833,10.05171479,33.12166667,23.5,28.31083333,9.621666667,25395.56634,75.4,0.05,0,74.24513889,11.33086934,35.375,23.275,29.325,12.1,12514.04785,43.2,0.071428571,0,68.28125,7.664381914,110,18,78,ADV 9339 (Syngenta),1500
2297,NO,0.8,0.15,Amarillo,Maiz,VERDADERO,74000,Hibrido,NO,3,2,3,1.5,6.5,MEDIA,BUENO,25,FrL,32.89423077,23.15480769,28.02451923,9.739423077,45169.12615,316.4,0.096153846,0,78.0068109,10.0281513,33.07166667,23.48,28.27583333,9.591666667,25448.18835,75.4,0.05,0,74.54375,11.146834,35.53548387,23.48709677,29.51129032,12.0483871,13856.55502,43.2,0.064516129,0,67.02150538,8.313524171,82,36,36,ADV 9339 (Syngenta),3000
2305,NO,0.8,0.15,Blanco,Maiz,VERDADERO,74000,Hibrido,NO,2,1,3,1.5,6.5,MEDIA,BUENO,50,FAr,32.48653846,23.00288462,27.74471154,9.483653846,45012.33349,330.8,0.096153846,0,80.25240385,7.901605557,32.73833333,23.21333333,27.97583333,9.525,26167.58548,76.6,0.05,0,78.01736111,8.50027449,35.37837838,23.5972973,29.48783784,11.78108108,16017.33014,43.2,0.054054054,0,65.63851351,8.385663552,98,18,18,P4082 (Pioneer),2500
2307,NO,0.8,0.15,Amarillo,Maiz,VERDADERO,75000,Hibrido,NO,3,2,3,1,6.5,MEDIA,BUENO,18,L,32.45096154,22.92884615,27.68990385,9.522115385,44678.17082,338.4,0.096153846,0,81.0088141,6.535658231,32.54166667,23.05166667,27.79666667,9.49,25978.88692,80.2,0.05,0,79.86944444,6.599326506,35.32619048,23.72857143,29.52738095,11.59761905,18435.01435,43.2,0.047619048,0,65.05952381,8.325912056,82,36,36,ADV 9339 (Syngenta),3800
2308,NO,0.8,0.15,Amarillo,Maiz,VERDADERO,74000,Hibrido,NO,3,2,4,1.5,6.5,MEDIA,BUENO,70,FrL,33.08653846,23.16730769,28.12692308,9.919230769,45188.33189,272,0.096153846,0,77.10216346,10.02662966,33.24166667,23.45833333,28.35,9.783333333,25177.58548,90.8,0.066666667,0,73.95347222,11.43026246,35.66129032,23.81935484,29.74032258,11.84193548,13921.49282,27.6,0.032258065,0,65.48252688,9.660910488,184,0,0,Otro,6200
2309,NO,0.8,0.15,Blanco,Maiz,VERDADERO,74000,OGM,NO,3,2,4,1,6.5,MEDIA,BUENO,40,FAr,33.08653846,23.16730769,28.12692308,9.919230769,45188.33189,272,0.096153846,0,77.10216346,10.02662966,33.24166667,23.45833333,28.35,9.783333333,25177.58548,90.8,0.066666667,0,73.95347222,11.43026246,35.66129032,23.81935484,29.74032258,11.84193548,13921.49282,27.6,0.032258065,0,65.48252688,9.660910488,184,0,0,Otro,2800
2316,SI,0.8,0.16,Amarillo,Arroz,VERDADERO,70000,OGM,NO,2,3,5,1.8,7,MEDIA,BUENO,75,FA,34.41251668,24.28405502,29.34828585,10.12846166,37714.07619,12.9,0,0,68.9431424,9.58042144,35.24124,23.29290981,29.2670749,11.94833019,21220.96487,11.5,0,0,73.28279583,8.522630407,37.30513795,22.28285714,29.79399755,15.02228081,12390.08524,0.8,0,0,65.58762427,5.486070961,110,58,78,PIONEER 30F35,4500
2317,NO,0.9,0.16,Blanco,Arroz,VERDADERO,65900,OGM,NO,3,0,5,1.4,6.5,MEDIA,BUENO,50,FA,36.42376676,22.65747617,29.54062146,13.76629058,37222.15271,12.5,0,0,69.62098477,8.515439814,37.20799714,22.175,29.69149857,15.03299714,21524.09481,1,0,0,67.24289336,7.993686098,39.42666885,23.53913043,31.48289964,15.88753842,8372.551494,0.1,0,0,57.2927181,8.278800115,88,76,76,Otro,3000
2320,NO,0.85,0.16,Amarillo,Arroz,VERDADERO,71600,OGM,NO,2,4,4,1.5,6,MEDIA,BUENO,72,FrL,32.2656256,22.32061218,27.29311889,9.945013428,41769.94425,280.2,0.076923077,0,81.95910502,6.543080402,32.22333333,22.03,27.12666667,10.19333333,24385.91914,45.2,0.016666667,0,80.31455471,7.25756758,33.98880941,22.15723046,28.07301994,11.83157895,16751.56154,68.8,0.078947368,0,75.10510473,7.139478252,91,58,18,PIONEER 30F35,4500
2326,SI,0.8,0.16,Amarillo,Arroz,VERDADERO,70300,Hibrido,NO,3,3,6,1.6,6,MEDIA,LENTO A MUY LENTO,17,FA,34.15000685,24.44977836,29.29989261,9.700228487,37428.90989,12.9,0,0,69.03297019,9.668095932,34.99037777,23.66445688,29.32741733,11.32592089,21094.76993,11.5,0,0,72.16518289,9.77400962,37.44045064,22.19090909,29.81567987,15.24954155,16080.51586,0.9,0,0,65.6600338,5.277599906,91,58,98,Otro,2800
2328,NO,0.8,0.16,Blanco,Arroz,VERDADERO,70000,OGM,NO,4,3,6,1.8,6,MEDIA,BUENO,51,FA,35.83921333,23.25442086,29.5468171,12.58479247,37174.11648,12.3,0,0,69.16173961,9.177287083,36.14693177,22.45833333,29.30263255,13.68859844,20943.09257,1.6,0,0,71.22997159,8.458447605,39.33166824,22.55625,30.94395912,16.77541824,12166.07302,0.3,0,0,58.74592309,7.622246136,180,18,18,Otro,6000
2332,SI,0.85,0.16,Blanco,Arroz,VERDADERO,71000,OGM,NO,2,3,7,1,7,MEDIA,LENTO A MUY LENTO,37,A,32.53978983,22.24862256,27.3942062,10.29116727,42204.25367,127.2,0.038461538,0,80.43308596,7.361222678,32.71360323,21.85693656,27.28526989,10.85666667,24558.50003,62.8,0.033333333,0,77.52502459,7.836139254,34.21739805,22.58291529,28.40015667,11.63448276,13267.70056,48.8,0.068965517,0,75.89440965,5.94197941,132,40,120,P4082 (Pioneer),4000
2333,SI,0.8,0.16,Amarillo,Arroz,VERDADERO,72000,OGM,NO,2,3,7,1.5,6,MEDIA,BUENO,31,A,32.53206988,22.26590261,27.39898625,10.26616727,42176.7087,127.2,0.038461538,0,80.45662962,7.345106757,32.79666667,21.835,27.31583333,10.96166667,24702.28852,42.4,0.016666667,0,77.38379603,7.676194668,33.84849451,22.69444045,28.27146748,11.15405405,16489.62615,89.8,0.081081081,0,76.88015071,6.583456945,171,40,80,PIONEER 30F35,5000
2335,NO,0.8,0.17,Blanco,Maiz,VERDADERO,75000,OGM,SI,2,3,3,1,6.5,MEDIA,BUENO,70,L,32.64807692,23.02115385,27.83461538,9.626923077,45058.54242,321.2,0.096153846,0,79.08333333,8.870217462,32.78333333,23.37333333,28.07833333,9.41,25534.31276,75.4,0.05,0,76.36111111,9.770686643,35.71818182,23.44545455,29.58181818,12.27272727,14879.97129,43.2,0.060606061,0,66.27146465,8.612159078,64,18,58,Otro,5000
2336,NO,0.8,0.15,Blanco,Maiz,VERDADERO,74000,OGM,NO,2,3,4,1.5,6.5,MEDIA,BUENO,70,FAr,32.64807692,23.02115385,27.83461538,9.626923077,45058.54242,321.2,0.096153846,0,79.08333333,8.870217462,32.78333333,23.37333333,28.07833333,9.41,25534.31276,75.4,0.05,0,76.36111111,9.770686643,35.71818182,23.44545455,29.58181818,12.27272727,14879.97129,43.2,0.060606061,0,66.27146465,8.612159078,98,18,58,Otro,4000
2337,SI,0.8,0.15,Blanco,Maiz,VERDADERO,75000,OGM,SI,3,2,4,1.4,6.5,MEDIA,BUENO,70,FAr,32.4625,23.01923077,27.74086538,9.443269231,44835.26172,330.8,0.096153846,0,80.07532051,8.16857574,32.74,23.28,28.01,9.46,26019.79601,76.6,0.05,0,77.67361111,8.883674796,35.52820513,23.68205128,29.60512821,11.84615385,17018.00957,43.2,0.051282051,0,65.03311966,8.601943818,44,41,76,Otro,3500
2338,NO,0.8,0.16,Amarillo,Maiz,VERDADERO,73000,OGM,NO,3,2,4,1,6.5,MEDIA,BUENO,40,FA,32.97211538,23.16634615,28.06923077,9.805769231,45060.9539,268.2,0.086538462,0,77.67427885,10.04491794,33.12666667,23.50833333,28.3175,9.618333333,25195.75773,75.4,0.05,0,74.08402778,11.38793214,35.62857143,23.72857143,29.67857143,11.9,15705.04306,43.2,0.057142857,0,66.13571429,9.384849634,98,18,58,ADV 9339 (Syngenta),2000
2343,NO,0.8,0.15,Blanco,Maiz,VERDADERO,74000,Hibrido,NO,3,2,4,1.2,6.5,MEDIA,BUENO,40,FAr,32.64807692,23.02115385,27.83461538,9.626923077,45058.54242,321.2,0.096153846,0,79.08333333,8.870217462,32.78333333,23.37333333,28.07833333,9.41,25534.31276,75.4,0.05,0,76.36111111,9.770686643,35.79142857,23.58571429,29.68857143,12.20571429,15764.29665,43.2,0.057142857,0,65.54642857,8.891960983,100,54,54,Otro,2600
2345,NO,0.85,0.16,Blanco,Arroz,VERDADERO,71500,OGM,NO,1,1,6,1.8,6,MEDIA,BUENO,46,FA,36.19372116,22.85479446,29.52425781,13.3389267,37089.16845,12.5,0,0,69.68810866,8.426673948,36.81359844,22.23833333,29.52596589,14.5752651,21101.20653,1.8,0,0,68.58193415,7.750740662,39.79104324,23.15,31.47052162,16.64104324,11896.76202,0.1,0,0,56.08373394,7.669035329,166,66,46,P4082 (Pioneer),4100
2346,NO,0.85,0.16,Amarillo,Maiz,VERDADERO,72000,OGM,NO,1,1,6,1.9,6,MEDIA,BUENO,52,FA,36.24763681,22.80167873,29.52465777,13.44595807,37131.90178,12.5,0,0,69.69286683,8.420007589,36.89859844,22.23666667,29.56763255,14.66193177,21278.79504,1.8,0,0,68.31318415,7.797967222,39.95039363,23.23823529,31.59431446,16.71215834,12800.37925,0.1,0,0,55.46904712,7.625735865,166,66,46,Otro,7000
2347,SI,0.85,0.16,Blanco,Arroz,VERDADERO,71300,OGM,NO,3,2,5,1.8,6,BAJA,LENTO A MUY LENTO,41,FA,32.52851907,22.22096494,27.374742,10.30755413,42662.26773,128,0.038461538,0,80.38273849,7.400368628,32.9229357,21.82960237,27.37626903,11.09333333,24919.47374,48.8,0.033333333,0,76.90750114,7.360319673,34.2170998,22.62863827,28.42286903,11.58846154,11891.23402,47.8,0.076923077,0,75.72492239,6.051355021,134,40,0,P4082 (Pioneer),4000
2348,NO,0.85,0.16,Blanco,Arroz,VERDADERO,71000,OGM,NO,2,2,10,1.5,6,BAJA,LENTO A MUY LENTO,30,A,35.30571697,23.71315442,29.5094357,11.59256256,37473.88452,12.5,0,0,68.44757608,9.575573721,35.96893463,22.40666667,29.18780065,13.56226797,20850.36618,1.2,0,0,72.99099511,7.493365164,38.09110634,22.34166667,30.2163865,15.74943967,13291.11874,0.7,0,0,63.26155079,6.748391336,199,18,138,P4082 (Pioneer),5200
2349,SI,0.8,0.16,Blanco,Arroz,VERDADERO,72300,OGM,NO,2,3,6,1.7,6,MEDIA,BUENO,40,A,31.95697176,22.53407371,27.24552274,9.422898044,41274.12607,311.8,0.086538462,0,83.69557508,5.526198603,31.89382159,22.4590611,27.17644135,9.434760488,24074.71661,77,0.033333333,0,83.4010958,6.030444934,33.31333333,22.03666667,27.675,11.27666667,12801.92297,25.2,0.033333333,0,76.19450483,5.500454012,132,40,120,Otro,4000
2429,NO,0.8,0.15,Amarillo,Maiz,VERDADERO,75000,OGM,NO,3,2,3,0.5,6.5,MEDIA,BUENO,30,L,32.42692308,22.92403846,27.67548077,9.502884615,44671.96986,338.4,0.096153846,0,80.93790064,6.752419248,32.575,23.05,27.8125,9.525,25782.00654,79.6,0.05,0,79.42222222,6.898666536,35.3775,23.78,29.57875,11.5975,17576.26794,43.2,0.05,0,64.89479167,8.493403819,74,48,28,Otro,3200
2432,NO,0.8,0.15,Amarillo,Maiz,VERDADERO,73000,OGM,NO,2,3,3,0.5,6,MEDIA,BUENO,25,AF,32.43846154,22.91826923,27.67836538,9.520192308,44602.12297,338.4,0.096153846,0,81.04887821,6.454511194,32.56666667,23.05166667,27.80916667,9.515,25947.10701,80.2,0.05,0,79.57361111,6.789048691,35.38809524,23.79285714,29.59047619,11.5952381,18473.08134,43.2,0.047619048,0,64.86607143,8.382848503,64,18,58,ADV 9339 (Syngenta),2000
2478,NO,0.8,0.15,Amarillo,Maiz,VERDADERO,75000,OGM,NO,3,2,4,1.2,6.5,BAJA,BUENO,50,FrL,32.48653846,23.00288462,27.74471154,9.483653846,45012.33349,330.8,0.096153846,0,80.25240385,7.901605557,32.73833333,23.21333333,27.97583333,9.525,26167.58548,76.6,0.05,0,78.01736111,8.50027449,35.61304348,23.91086957,29.76195652,11.70217391,20080.16268,43.2,0.043478261,0,64.24728261,9.086129378,120,48,28,ADV 9339 (Syngenta),3200
2533,NO,0.85,0.16,Blanco,Arroz,VERDADERO,70000,OGM,NO,4,4,9,1.8,7,MEDIA,BUENO,35,A,35.13451749,23.73599019,29.43525384,11.3985273,37205.24694,12.9,0,0,68.67900014,9.612983647,35.9306013,22.48588035,29.20824083,13.44472095,20866.6521,4,0,0,73.21937522,7.562161285,37.89289769,22.29354839,30.09322304,15.5993493,11425.23357,0.6,0,0,64.29994321,6.32436662,124,232,112,P4082 (Pioneer),6500
2537,NO,0.85,0.16,Blanco,Arroz,VERDADERO,70000,OGM,NO,4,4,9,1.6,7,BAJA,LENTO A MUY LENTO,30,ArA,32.22235637,22.47926602,27.3508112,9.743090351,41529.74329,278.8,0.076923077,0,82.18031113,6.119749539,32.12395835,22.21,27.16697918,9.913958353,24069.91351,61.4,0.033333333,0,81.24359069,6.939611841,33.87152099,21.70152099,27.78652099,12.17,13237.87063,53.4,0.066666667,0,75.21329153,7.676977306,124,232,112,P4082 (Pioneer),4700
2538,NO,0.85,0.16,Amarillo,Arroz,VERDADERO,70200,Hibrido,NO,3,3,8,1.5,7,BAJA,LENTO A MUY LENTO,40,Ar,35.77054291,23.4372165,29.60387971,12.33332642,37115.48725,12.2,0,0,68.57576952,9.291128358,36.18108968,22.48166667,29.33137818,13.69942302,20710.05368,1.4,0,0,71.20293094,8.523438479,38.73717379,22.33235294,30.53476336,16.40482085,12764.19326,0.5,0,0,61.30123464,8.785847171,210,58,58,ADV 9339 (Syngenta),5000
2559,NO,0.8,0.15,Amarillo,Arroz,VERDADERO,73000,Hibrido,NO,2,3,3,2,6,MEDIA,BUENO,30,AF,35.96346154,24.05769231,30.01057692,11.90576923,46066.13397,70.6,0.028846154,0,64.30248397,9.846593336,36.90166667,24.275,30.58833333,12.62666667,27483.93301,26.2,0.016666667,0,61.43888889,9.053589495,34.40568354,23.44878699,28.92723526,10.95689655,13093.45072,107.5,0.137931034,0,74.26145417,6.283992606,110,18,18,ADV 9339 (Syngenta),6000
2563,NO,0.8,0.15,Blanco,Maiz,VERDADERO,74000,Hibrido,NO,3,2,3,1.5,7,MEDIA,BUENO,70,ArA,33.65096154,23.31153846,28.48125,10.33942308,45475.04003,167,0.057692308,0,74.01883013,10.40999767,34.34166667,23.54666667,28.94416667,10.795,25522.79426,53.8,0.033333333,0,69.57708333,10.43646938,36.81071429,24.68214286,30.74642857,12.12857143,12622.90909,4.6,0,0,61.30654762,8.243740722,72,23,18,Otro,6000
2599,NO,0.8,0.15,Blanco,Arroz,VERDADERO,74000,OGM,NO,2,2,3,3,6,MEDIA,BUENO,40,FA,33.04519231,23.16442308,28.10480769,9.880769231,45220.1118,268.2,0.086538462,0,77.39983974,10.13152369,33.255,23.49166667,28.37333333,9.763333333,25325.80558,75.4,0.05,0,73.98472222,11.37101932,36.04705882,23.99411765,30.02058824,12.05294118,22732.88038,47.6,0.039215686,0,64.81862745,8.855831504,40,88,28,Otro,7000
2627,NO,0.8,0.15,Blanco,Arroz,VERDADERO,74000,OGM,NO,1,2,3,1,6.5,MEDIA,BUENO,46,FAr,34.5375,23.72788462,29.13269231,10.80961538,44796.89649,123,0.048076923,0,69.74599359,11.51716585,36.00666667,23.99,29.99833333,12.01666667,26506.85167,47.8,0.033333333,0,64.01944444,8.685782871,37.144,24.296,30.72,12.848,11271.96172,21.6,0.04,0,61.52666667,10.97077531,71,45,25,DK 234,2500
2634,NO,0.8,0.15,Amarillo,Maiz,VERDADERO,75000,Hibrido,NO,3,2,3,1.2,6.5,MEDIA,BUENO,68,L,32.48653846,23.00288462,27.74471154,9.483653846,45012.33349,330.8,0.096153846,0,80.25240385,7.901605557,32.73833333,23.21333333,27.97583333,9.525,26167.58548,76.6,0.05,0,78.01736111,8.50027449,35.37837838,23.5972973,29.48783784,11.78108108,16017.33014,43.2,0.054054054,0,65.63851351,8.385663552,82,36,36,Otro,4200
2682,NO,0.8,0.15,Blanco,Arroz,VERDADERO,73000,Hibrido,NO,1,2,3,1.2,6.5,MEDIA,BUENO,50,FAr,34.5375,23.72788462,29.13269231,10.80961538,44796.89649,123,0.048076923,0,69.74599359,11.51716585,36.00666667,23.99,29.99833333,12.01666667,26506.85167,47.8,0.033333333,0,64.01944444,8.685782871,37.41724138,24.32068966,30.86896552,13.09655172,13302.08612,21.6,0.034482759,0,61.91522989,10.24513218,71,45,25,DK 234,5800
2743,SI,0.85,0.16,Blanco,Arroz,VERDADERO,73000,OGM,NO,2,1,5,1.5,6,MEDIA,BUENO,69,F,32.25216407,22.36676602,27.30946504,9.885398044,41858.73851,278.8,0.076923077,0,82.09830165,6.329246892,32.14895835,22.10166667,27.12531251,10.04729169,24255.6494,57.6,0.033333333,0,81.02109398,6.805311397,34.00168999,21.82391222,27.91280111,12.17777778,11894.93283,52.2,0.074074074,0,74.46645919,7.713627724,113,40,40,DK 234,6000
2778,SI,0.85,0.16,Amarillo,Arroz,VERDADERO,70500,Hibrido,NO,0,3,4,1.7,7,BAJA,LENTO A MUY LENTO,30,ArA,31.95697176,22.53407371,27.24552274,9.422898044,41274.12607,311.8,0.086538462,0,83.69557508,5.526198603,31.89382159,22.4590611,27.17644135,9.434760488,24074.71661,77,0.033333333,0,83.4010958,6.030444934,33.53639459,21.82528348,27.68083903,11.71111111,15334.41537,45.6,0.055555556,0,75.08769218,6.882321167,116,18,18,ADV 9339 (Syngenta),6000
2801,NO,0.85,0.16,Amarillo,Arroz,VERDADERO,71500,OGM,NO,2,3,5,1.7,6,MEDIA,BUENO,64,ArA,35.95383199,23.17911017,29.56647108,12.77472182,37247.71542,12.4,0,0,69.1151445,9.206211382,36.31359844,22.32833333,29.32096589,13.9852651,21025.4275,1.6,0,0,70.67181942,8.331783636,39.47814954,22.89166667,31.18490811,16.58648288,13541.30747,0.3,0,0,57.70124176,7.530515341,159,40,0,Otro,5000
2802,NO,0.85,0.16,Amarillo,Arroz,VERDADERO,70000,OGM,NO,2,0,4,1.6,7,BAJA,LENTO A MUY LENTO,35,A,32.42908714,22.31003525,27.3695612,10.11905189,42111.30262,147.2,0.038461538,0,81.05949648,6.779192711,32.53666667,21.955,27.24583333,10.58166667,24664.26029,42.4,0.016666667,0,78.78497357,7.135119441,34.10174492,22.27233315,28.18703904,11.82941176,15119.73004,69.2,0.088235294,0,75.45103282,7.444213473,94,76,36,PIONEER 30F35,4500
2804,NO,0.85,0.16,Amarillo,Arroz,VERDADERO,73000,Hibrido,NO,3,3,4,1.8,7,MEDIA,BUENO,71,Ar,32.42908714,22.31003525,27.3695612,10.11905189,42111.30262,147.2,0.038461538,0,81.05949648,6.779192711,32.53666667,21.955,27.24583333,10.58166667,24664.26029,42.4,0.016666667,0,78.78497357,7.135119441,34.14829849,22.36218738,28.25524294,11.78611111,16061.07953,69.2,0.083333333,0,75.41171447,7.23665,110,58,18,ADV 9339 (Syngenta),4500
2811,NO,0.8,0.15,Amarillo,Arroz,VERDADERO,70100,OGM,NO,3,3,5,1.7,7,MEDIA,BUENO,70,FA,32.2656256,22.32061218,27.29311889,9.945013428,41769.94425,280.2,0.076923077,0,81.95910502,6.543080402,32.22333333,22.03,27.12666667,10.19333333,24385.91914,45.2,0.016666667,0,80.31455471,7.25756758,33.95713058,22.16284487,28.05998773,11.79428571,15384.63296,68.8,0.085714286,0,75.04279059,7.268933496,160,26,6,Otro,4400
2814,NO,0.85,0.16,Blanco,Arroz,VERDADERO,72600,OGM,NO,3,2,3,1.7,6,MEDIA,BUENO,67,ArA,32.58951846,22.90544254,27.7474805,9.684075917,42687.82141,391,0.115384615,0,81.80260956,6.428317726,32.23479269,22.83239444,27.53359357,9.402398256,23968.8537,264,0.133333333,0,83.8939486,4.422125974,31.5643293,22.1097561,26.8370427,9.4545732,16043.11925,40.6,0.024390244,0,83.37994858,6.948348225,54,54,54,P4082 (Pioneer),3000
2815,SI,0.8,0.16,Blanco,Arroz,VERDADERO,71500,OGM,NO,1,4,5,1.7,7,MEDIA,BUENO,62,FA,34.15000685,24.44977836,29.29989261,9.700228487,37428.90989,12.9,0,0,69.03297019,9.668095932,34.99037777,23.66445688,29.32741733,11.32592089,21094.76993,11.5,0,0,72.16518289,9.77400962,37.33449571,22.225,29.77974785,15.10949571,14531.05175,0.8,0,0,66.02146291,5.372369081,104,106,46,DK 234,6500
2816,NO,0.85,0.16,Blanco,Arroz,VERDADERO,73200,OGM,NO,3,3,3,1.8,6,MEDIA,BUENO,57,FrL,32.64913384,22.88621177,27.76767281,9.762922071,42967.81184,388.4,0.115384615,0,81.78353715,6.42382269,32.20145936,22.8740611,27.53776023,9.327398256,23796.86327,260.8,0.133333333,0,83.93304885,4.427259881,31.66843753,22.0575,26.86296876,9.61093753,15875.95179,38.8,0.025,0,82.8755886,7.217684802,54,54,54,P4082 (Pioneer),2600
2824,SI,0.8,0.16,Blanco,Arroz,VERDADERO,70000,OGM,NO,3,2,6,2,6,MEDIA,BUENO,33,A,34.62443871,24.10815897,29.36629884,10.51627974,37411.59885,13.3,0,0,69.0072866,9.524029232,35.41000667,22.95140941,29.18070804,12.45859725,21174.34437,11.5,0,0,74.17713359,6.938217607,37.46705377,22.25294118,29.85999747,15.2141126,12028.96563,0.9,0,0,65.10661237,5.572642555,137,58,58,P4082 (Pioneer),4800
2844,SI,0.85,0.16,Amarillo,Arroz,VERDADERO,70000,OGM,NO,3,3,5,1.7,7,BAJA,LENTO A MUY LENTO,45,Ar,35.45152539,23.66856322,29.56004431,11.78296217,37381.29227,12.6,0,0,68.34803421,9.581493027,35.89893463,22.45166667,29.17530065,13.44726797,20665.37097,1.3,0,0,72.80388213,7.636137439,38.02614724,22.12307692,30.07461208,15.90307032,9710.755099,0.5,0,0,63.97915343,6.729334009,122,58,78,DK7088,6200
2845,SI,0.9,0.16,Blanco,Maiz,VERDADERO,74000,OGM,NO,3,2,6,1.7,7,BAJA,LENTO A MUY LENTO,35,A,34.62443871,24.10815897,29.36629884,10.51627974,37411.59885,13.3,0,0,69.0072866,9.524029232,35.41000667,22.95140941,29.18070804,12.45859725,21174.34437,11.5,0,0,74.17713359,6.938217607,37.46705377,22.25294118,29.85999747,15.2141126,12028.96563,0.9,0,0,65.10661237,5.572642555,178,40,40,P4082 (Pioneer),5000
2847,NO,0.85,0.16,Amarillo,Arroz,VERDADERO,77000,OGM,NO,3,2,7,1.7,6,MEDIA,BUENO,32,A,34.39215534,24.27799824,29.33507679,10.1141571,35646.43849,12.9,0,0,69.14141901,9.738136938,35.11840427,23.30664004,29.21252215,11.81176423,19989.03143,11.5,0,0,73.77883459,8.420123667,37.46618639,22.21190476,29.83904557,15.25428163,15196.27663,1,0,0,65.28540808,5.175498516,150,18,138,DK7088,6000
2850,SI,0.85,0.16,Blanco,Arroz,VERDADERO,71600,OGM,NO,2,4,6,1.8,6,MEDIA,BUENO,65,FA,34.00528578,24.65156343,29.32842461,9.353722346,36013.13849,13.3,0,0,67.88608107,9.189869011,35.10020276,24.16595484,29.6330788,10.93424793,20762.76519,11.5,0,0,68.92165494,10.18565618,36.63163453,22.275,29.45331726,14.35663453,13818.79921,0.6,0,0,69.25603919,7.991060233,138,40,80,P4082 (Pioneer),6500
2851,SI,0.85,0.16,Blanco,Arroz,VERDADERO,75000,OGM,SI,2,2,5,1.7,6,MEDIA,BUENO,66,FA,34.06970417,24.55734293,29.31352355,9.512361239,35625.12042,12.9,0,0,68.55147037,9.586535065,35.06622872,23.87044417,29.46833644,11.19578456,20354.2977,11.5,0,0,70.55534699,10.32789796,37.01955174,22.25333333,29.63644254,14.76621841,16074.14266,0.8,0,0,67.75518925,7.283214709,110,58,58,P4082 (Pioneer),4600
2852,SI,0.85,0.16,Amarillo,Arroz,VERDADERO,71600,OGM,NO,3,2,6,1.8,6,MEDIA,BUENO,34,A,36.61248185,22.48395007,29.54821596,14.12853178,35181.9818,4.6,0,0,69.90639254,8.484335449,37.66455839,22.10526316,29.88491077,15.55929523,20894.18094,1,0,0,65.4582984,7.191705717,39.70394573,23.49825454,31.60110014,16.20569119,14603.08371,0.5,0,0,56.84208189,8.439679423,138,40,80,Otro,3000
2853,SI,0.85,0.16,Amarillo,Arroz,VERDADERO,72100,OGM,NO,2,1,6,1.7,6,MEDIA,BUENO,64,AF,36.36619143,22.56769456,29.46694299,13.79849687,35111.02025,12.5,0,0,70.38028231,7.956233848,37.11718997,22.20350877,29.66034937,14.9136812,20429.02304,1,0,0,67.55860351,7.766406758,39.8503522,23.40263158,31.62649189,16.44772062,14213.93905,0.2,0,0,56.00558144,7.518971256,138,40,80,Otro,1800
2854,SI,0.85,0.16,Amarillo,Arroz,VERDADERO,75000,OGM,NO,2,2,6,1.8,6,BAJA,LENTO A MUY LENTO,30,Ar,35.59309089,23.53939537,29.56624313,12.05369552,35449.03544,12,0,0,68.75108191,9.359454598,35.92519435,22.44736842,29.18628139,13.47782593,19734.02169,1.3,0,0,72.7738233,7.860089113,38.29134671,22.33243243,30.31188957,15.95891428,13551.4728,0.6,0,0,62.51195078,6.839049479,138,40,80,Otro,3000
2855,NO,0.85,0.16,Blanco,Arroz,VERDADERO,72000,Hibrido,NO,4,2,6,1.7,7,MEDIA,BUENO,37,A,35.79370645,23.39858006,29.59614325,12.39512639,35304.14813,12.1,0,0,68.88305197,9.320746517,36.12570844,22.42631579,29.27601211,13.69939265,19629.45081,1.4,0,0,71.80002774,8.27055564,38.61524078,22.42972973,30.52248525,16.18551105,13844.79613,0.5,0,0,61.18422306,8.50226137,186,18,18,Otro,6500
2856,NO,0.85,0.16,Blanco,Arroz,VERDADERO,71100,OGM,NO,2,3,5,1.9,7,MEDIA,BUENO,40,A,34.32735799,24.32683725,29.32709762,10.00052074,35588.12226,12.9,0,0,69.18770839,9.720722874,35.09779649,23.37850155,29.23814902,11.71929494,19941.50075,11.5,0,0,73.59446345,8.605292775,37.53732952,22.13111111,29.83422031,15.40621841,16376.78381,1,0,0,65.24182371,5.116562247,132,40,40,P4082 (Pioneer),5000
2857,NO,0.85,0.16,Blanco,Arroz,VERDADERO,72000,OGM,NO,2,3,4,1.8,7,MEDIA,BUENO,40,A,34.32735799,24.32683725,29.32709762,10.00052074,35588.12226,12.9,0,0,69.18770839,9.720722874,35.09779649,23.37850155,29.23814902,11.71929494,19941.50075,11.5,0,0,73.59446345,8.605292775,37.53732952,22.13111111,29.83422031,15.40621841,16376.78381,1,0,0,65.24182371,5.116562247,132,40,0,P4082 (Pioneer),4800
2858,SI,0.9,0.16,Amarillo,Arroz,VERDADERO,70000,OGM,NO,2,2,5,1.8,6,MEDIA,BUENO,48,FA,36.19769437,22.71997497,29.45883467,13.4777194,35167.13836,12.5,0,0,70.34768873,8.024558013,36.84764748,22.23859649,29.54312198,14.60905099,20172.09648,1.8,0,0,68.45101256,7.789092678,39.75192071,23.08787879,31.41989975,16.66404193,12266.14958,0.1,0,0,56.25922685,7.615279923,88,76,76,PIONEER 30F35,4000
2922,NO,0.85,0.16,Blanco,Arroz,VERDADERO,72500,OGM,NO,2,5,6,1.7,7,MEDIA,BUENO,40,A,34.49638006,24.24291448,29.36964727,10.25346558,35736.90986,12.9,0,0,69.15142932,9.713046923,35.23319148,23.12943021,29.18131085,12.10376127,20069.81867,11.5,0,0,74.2214465,7.541359002,37.42449571,22.25,29.83724785,15.17449571,14307.8173,1,0,0,65.26113682,5.274547349,164,72,72,P4082 (Pioneer),6600
2927,NO,0.8,0.16,Amarillo,Arroz,VERDADERO,72000,OGM,NO,2,2,4,1.8,6,MEDIA,BUENO,66,FA,34.76108519,24.02623993,29.39366256,10.73484525,35660.86583,13.3,0,0,69.01354154,9.74387179,35.49033965,22.80216824,29.14625395,12.68817141,20023.23604,11.5,0,0,74.83176104,6.434350052,38.35890511,22.5442623,30.4515837,15.81464282,22152.94296,1.1,0,0,61.873779,7.57907378,110,58,18,Otro,5800
2929,SI,0.8,0.16,Blanco,Arroz,VERDADERO,72000,OGM,NO,1,2,6,1.8,7,MEDIA,BUENO,40,A,34.9403012,23.81356545,29.37693333,11.12673575,35322.56751,12.9,0,0,69.01134607,9.706472977,35.5616437,22.63629602,29.09896986,12.92534769,19584.99678,4,0,0,74.28670653,6.86749024,38.17511776,22.2804878,30.22780278,15.89462996,15236.23835,0.6,0,0,63.14349317,6.27419843,138,40,120,Otro,4500
2931,NO,0.85,0.16,Amarillo,Arroz,VERDADERO,73000,OGM,NO,2,2,6,1.7,7,BAJA,LENTO A MUY LENTO,30,ArA,31.95984912,22.66811784,27.31398348,9.291731278,39600.28838,340,0.101010101,0,84.51604037,4.991658522,32.06359759,22.64287134,27.35323447,9.420726255,22655.20421,81.2,0.035087719,0,84.68183931,4.990965883,32.82564103,21.88205128,27.35384615,10.94358974,16187.33971,25.6,0.025641026,0,76.08653424,5.387929052,122,58,138,DK7088,6100
2932,NO,0.85,0.16,Amarillo,Arroz,VERDADERO,71000,OGM,NO,2,2,4,1.9,6,MEDIA,BUENO,33,A,34.87677253,23.87011254,29.37344254,11.00665999,35311.7315,12.9,0,0,69.02583513,9.703064833,35.57946724,22.66815464,29.12381094,12.9113126,19688.36782,4,0,0,74.295007,6.860037931,38.10904353,22.27619048,30.192617,15.83285305,15495.98955,0.6,0,0,63.25912428,6.242354803,116,58,18,DK7088,5000
2933,NO,0.85,0.16,Amarillo,Arroz,VERDADERO,72000,OGM,NO,1,3,6,1.7,6,MEDIA,BUENO,33,A,35.79370645,23.39858006,29.59614325,12.39512639,35304.14813,12.1,0,0,68.88305197,9.320746517,36.12570844,22.42631579,29.27601211,13.69939265,19629.45081,1.4,0,0,71.80002774,8.27055564,38.78159772,22.6425,30.71204886,16.13909772,15149.23632,0.5,0,0,60.50478133,8.605096442,159,24,52,Otro,4500
2956,NO,0.85,0.16,Blanco,Arroz,VERDADERO,73000,OGM,NO,2,2,8,1.8,7,MEDIA,BUENO,67,FA,32.22977193,22.75521237,27.49249215,9.474559561,40306.26124,378.8,0.121212121,0,83.64437901,5.245885285,32.11798356,22.79901169,27.45849762,9.318971869,22540.82272,237.8,0.122807018,0,84.47912692,4.544447958,32.34318182,22.075,27.20909091,10.26818182,17574.4134,18,0,0,79.1261138,6.790079161,178,40,120,P4082 (Pioneer),6300
2957,NO,0.85,0.16,Blanco,Arroz,VERDADERO,72000,OGM,NO,2,2,6,1.7,6,MEDIA,BUENO,63,FA,32.05883902,22.48225926,27.27054914,9.576579763,39530.10693,280.4,0.080808081,0,83.16325527,5.894024675,31.92507536,22.29374853,27.10941195,9.631326829,22590.53479,62.6,0.035087719,0,82.5864891,6.606456151,33.53825971,22.03159304,27.78492638,11.50666667,19332.20117,75.6,0.066666667,0,76.13460815,6.933808856,184,40,60,Otro,4000
2958,NO,0.85,0.16,Blanco,Arroz,VERDADERO,73000,OGM,NO,1,3,8,1.8,7,BAJA,LENTO A MUY LENTO,40,Ar,35.81111864,23.37588282,29.59350073,12.43523582,35207.10159,12.1,0,0,68.85111561,9.345644921,36.19939265,22.43157895,29.3154858,13.7678137,19819.95798,1.4,0,0,71.47019046,8.567722095,38.65578132,22.48918919,30.57248525,16.16659213,13903.6191,0.5,0,0,61.05271111,8.640539743,170,103,58,P4082 (Pioneer),4500
2959,NO,0.85,0.16,Blanco,Arroz,VERDADERO,73000,OGM,NO,1,2,7,1.9,7,BAJA,LENTO A MUY LENTO,40,Ar,35.74177818,23.42260176,29.58218997,12.31917642,35247.00931,12.1,0,0,68.89062867,9.309465541,36.11167335,22.44385965,29.2777665,13.6678137,19753.72832,1.4,0,0,71.91791716,8.232229473,38.66317715,22.56666667,30.61492191,16.09651048,14626.20283,0.5,0,0,61.01529631,8.507157923,162,98,58,P4082 (Pioneer),4500
2960,NO,0.85,0.16,Blanco,Arroz,VERDADERO,74000,OGM,NO,1,3,7,2,7,MEDIA,BUENO,67,Ar,35.85914005,23.24863957,29.55388981,12.61050048,35293.75136,12.3,0,0,69.31957873,9.225498296,36.29588388,22.44561404,29.37074896,13.85026984,19992.46516,1.6,0,0,70.77940099,8.402564386,39.16061305,22.71025641,30.93543473,16.45035664,14606.48034,0.3,0,0,59.25114561,8.509913918,150,58,98,P4082 (Pioneer),4000
2961,NO,0.85,0.16,Amarillo,Arroz,VERDADERO,71000,OGM,NO,3,3,6,1.8,6,BAJA,LENTO A MUY LENTO,40,FA,37.2396898,22.54848485,29.89408732,14.69120495,35565.43354,1.9,0,0,67.11028115,10.01055543,38.5016353,22.63684211,30.5692387,15.86479319,21069.67023,0.7,0,0,61.67238388,7.75960757,39.51329278,23.73241913,31.62285596,15.78087365,14376.55663,2.3,0,0,58.58791439,8.881515435,146,18,78,Otro,4000
2962,NO,0.8,0.16,Amarillo,Arroz,VERDADERO,72000,OGM,NO,2,4,5,1.9,7,MEDIA,BUENO,40,FAr,35.69154234,23.46740812,29.57947523,12.22413422,35492.12825,12,0,0,68.67693003,9.446059373,36.10465581,22.38245614,29.24355597,13.72219967,19786.02497,1.3,0,0,72.12602801,8.215885396,38.3279976,22.49210526,30.41005143,15.83589234,14022.72915,0.6,0,0,62.42745514,7.765174788,138,18,58,DK7088,3000
2963,NO,0.85,0.16,Blanco,Arroz,VERDADERO,71800,Hibrido,NO,2,2,4,1.8,7,BAJA,LENTO A MUY LENTO,40,A,32.43459659,22.29438047,27.36448853,10.14021613,40132.90708,106.8,0.03030303,0,80.86924634,6.833059894,32.56315789,21.92631579,27.24473684,10.63684211,23387.03541,42.4,0.01754386,0,78.4096213,7.124372265,34.01937309,22.50229992,28.2608365,11.51707317,18133.82711,89.8,0.073170732,0,75.75252731,7.313169138,122,36,36,P4082 (Pioneer),4000
2969,NO,0.85,0.16,Amarillo,Arroz,VERDADERO,71000,Hibrido,NO,2,2,4,1.8,7,MEDIA,BUENO,42,FAr,34.9403012,23.81356545,29.37693333,11.12673575,35322.56751,12.9,0,0,69.01134607,9.706472977,35.5616437,22.63629602,29.09896986,12.92534769,19584.99678,4,0,0,74.28670653,6.86749024,38.17511776,22.2804878,30.22780278,15.89462996,15236.23835,0.6,0,0,63.14349317,6.27419843,116,58,18,Otro,4000
2970,NO,0.85,0.16,Amarillo,Arroz,VERDADERO,71500,Hibrido,NO,4,3,4,1.8,7,MEDIA,BUENO,63,FAr,35.87086357,23.18738547,29.52912452,12.6834781,35138.73379,12.3,0,0,69.67026601,8.908435286,36.21431415,22.44385965,29.3290869,13.7704545,19890.73851,1.6,0,0,70.74226605,8.373397957,39.25333481,22.54117647,30.89725564,16.71215834,12808.13044,0.3,0,0,59.31937262,8.146111346,66,94,54,ADV 9339 (Syngenta),2000
2971,NO,0.85,0.16,Amarillo,Arroz,VERDADERO,73000,OGM,NO,2,2,7,1.7,6,MEDIA,BUENO,67,FrL,32.62864318,22.13080854,27.37972586,10.49783464,40668.14214,109,0.04040404,0,79.71515071,7.530144137,33.18515353,21.84831142,27.51673248,11.33684211,24058.9389,47.2,0.035087719,0,75.85468859,6.311694681,34.19164782,22.59164782,28.39164782,11.6,21635.01462,105.2,0.0625,0,75.42721767,7.250899821,184,80,40,Otro,6000
2972,NO,0.85,0.16,Amarillo,Arroz,VERDADERO,72000,OGM,NO,2,3,7,1.7,7,MEDIA,BUENO,67,FA,32.68427544,22.11371353,27.39899448,10.57056191,40876.49416,138.2,0.050505051,0,79.52271263,7.795600335,33.33939701,21.89904614,27.61922158,11.44035088,24009.01895,76,0.052631579,0,75.92873872,6.432279114,34.29053114,22.72601501,28.50827308,11.56451613,14019.48388,65.6,0.064516129,0,74.5067809,7.226888247,184,80,40,Otro,4000
2973,NO,0.85,0.16,Amarillo,Arroz,VERDADERO,73000,OGM,NO,3,4,5,1.8,6,MEDIA,BUENO,33,A,35.85914005,23.24863957,29.55388981,12.61050048,35293.75136,12.3,0,0,69.31957873,9.225498296,36.29588388,22.44561404,29.37074896,13.85026984,19992.46516,1.6,0,0,70.77940099,8.402564386,39.2161929,22.69756098,30.95687694,16.51863192,15358.088,0.3,0,0,58.95739054,8.41793024,125,40,40,Otro,4500
2974,NO,0.85,0.16,Blanco,Arroz,VERDADERO,71000,OGM,SI,1,2,8,1.9,7,MEDIA,BUENO,66,FrL,32.20429356,22.43276431,27.31852893,9.771529258,39445.96339,276.8,0.080808081,0,82.26162533,6.243814188,32.11995616,22.21578947,27.16787282,9.904166688,22758.23887,39.6,0.01754386,0,81.04242066,7.054835112,33.88124608,21.76410323,27.82267465,12.11714286,15605.0327,75.4,0.085714286,0,75.44265702,7.833321791,170,103,58,P4082 (Pioneer),4800
2981,NO,0.85,0.16,Amarillo,Arroz,VERDADERO,72000,OGM,NO,2,2,7,1.7,7,MEDIA,BUENO,69,FrL,32.3396471,22.36508754,27.35236732,9.974559561,39932.91075,147.2,0.04040404,0,81.59719114,6.465602705,32.37192982,22.01403509,27.19298246,10.35789474,23427.52679,43.8,0.01754386,0,79.78725057,7.047349255,34.00204993,22.39335428,28.1977021,11.60869565,20271.82663,90,0.065217391,0,75.24304784,7.117989466,162,58,138,DK7088,5000
2982,SI,0.85,0.16,Amarillo,Arroz,VERDADERO,73000,OGM,NO,2,2,6,1.6,7,MEDIA,BUENO,35,FA,32.20429356,22.43276431,27.31852893,9.771529258,39445.96339,276.8,0.080808081,0,82.26162533,6.243814188,32.11995616,22.21578947,27.16787282,9.904166688,22758.23887,39.6,0.01754386,0,81.04242066,7.054835112,33.84522787,22.00237072,27.92379929,11.84285714,18730.3076,93,0.095238095,0,75.50861431,7.457103845,122,58,138,PIONEER 30F35,5500
2983,NO,0.85,0.16,Amarillo,Maiz,VERDADERO,70000,Hibrido,NO,2,3,4,1.9,7,MEDIA,BUENO,64,ArA,31.96186932,22.6277138,27.29479156,9.334155521,39588.84377,316.2,0.090909091,0,84.25088885,5.199501525,31.98823325,22.55690643,27.27256984,9.431326829,23256.53479,81.2,0.035087719,0,84.34395795,5.424150906,32.93428571,21.88857143,27.41142857,11.04571429,14403.5311,25.2,0.028571429,0,76.03787408,5.437670454,110,58,18,ADV 9339 (Syngenta),4800
